ISO-10303-21;
HEADER;

/* File generated by Shapr3D Version 26.121.0.11316 */

FILE_DESCRIPTION(('HOOPS Exchange Step'),'2;1');

FILE_NAME('/Users/mooz/Library/Containers/com.shapr3d.shapr/Data/tmp/export/temp_export',
'2026-07-30T15:11:38-05:00',
('mooz'),
('Shapr3D Limited'),
'HOOPS Exchange 2026.3',
'Shapr3D',
'Authorized');

FILE_SCHEMA( ('AP242_MANAGED_MODEL_BASED_3D_ENGINEERING_MIM_LF {1 0 10303 442 1 1 4}') );

ENDSEC;

DATA;
#3=(NAMED_UNIT(*)PLANE_ANGLE_UNIT()SI_UNIT($,.RADIAN.));
#4=PLANE_ANGLE_MEASURE_WITH_UNIT(PLANE_ANGLE_MEASURE(0.0174532925),#3);
#5=(CONVERSION_BASED_UNIT('DEGREE',#4)NAMED_UNIT(#6)PLANE_ANGLE_UNIT());
#6=DIMENSIONAL_EXPONENTS(0.,0.,0.,0.,0.,0.,0.);
#7=(NAMED_UNIT(*)SI_UNIT($,.STERADIAN.)SOLID_ANGLE_UNIT());
#8=(LENGTH_UNIT()NAMED_UNIT(*)SI_UNIT(.MILLI.,.METRE.));
#9=UNCERTAINTY_MEASURE_WITH_UNIT(LENGTH_MEASURE(1.000000E-05),#8,'DISTANCE_ACCURACY_VALUE','Maximum Tolerance applied to model');
#10=(GEOMETRIC_REPRESENTATION_CONTEXT(3)GLOBAL_UNCERTAINTY_ASSIGNED_CONTEXT((#9))GLOBAL_UNIT_ASSIGNED_CONTEXT((#8,#5,#7))REPRESENTATION_CONTEXT('','root'));
#12=CARTESIAN_POINT('',(0.,0.,0.));
#13=DIRECTION('',(0.,0.,1.));
#14=DIRECTION('',(1.,0.,0.));
#15=AXIS2_PLACEMENT_3D('',#12,#13,#14);
#27=CARTESIAN_POINT('',(-28.35721239,9.558386232,-8.99));
#28=DIRECTION('',(0.64278761,0.766044443,0.));
#29=DIRECTION('',(0.766044443,-0.64278761,0.));
#30=AXIS2_PLACEMENT_3D('',#27,#28,#29);
#31=PLANE('',#30);
#32=CARTESIAN_POINT('',(-27.214424781,8.59947357,-4.99));
#33=VERTEX_POINT('',#32);
#34=CARTESIAN_POINT('',(-30.85721239,11.65613531,-4.99));
#35=VERTEX_POINT('',#34);
#36=CARTESIAN_POINT('',(-27.214424781,8.59947357,-4.99));
#37=DIRECTION('',(-0.766044443,0.64278761,0.));
#38=VECTOR('',#37,4.755321499);
#39=LINE('',#36,#38);
#40=EDGE_CURVE('',#33,#35,#39,.T.);
#41=ORIENTED_EDGE('',*,*,#40,.T.);
#42=CARTESIAN_POINT('',(-30.85721239,11.65613531,-10.99));
#43=VERTEX_POINT('',#42);
#44=CARTESIAN_POINT('',(-30.85721239,11.65613531,-4.99));
#45=DIRECTION('',(0.,0.,-1.));
#46=VECTOR('',#45,6.);
#47=LINE('',#44,#46);
#48=EDGE_CURVE('',#35,#43,#47,.T.);
#49=ORIENTED_EDGE('',*,*,#48,.T.);
#50=CARTESIAN_POINT('',(-27.214424781,8.59947357,-10.99));
#51=VERTEX_POINT('',#50);
#52=CARTESIAN_POINT('',(-27.214424781,8.59947357,-10.99));
#53=DIRECTION('',(-0.766044443,0.64278761,0.));
#54=VECTOR('',#53,4.755321499);
#55=LINE('',#52,#54);
#56=EDGE_CURVE('',#51,#43,#55,.T.);
#57=ORIENTED_EDGE('',*,*,#56,.F.);
#58=CARTESIAN_POINT('',(-27.214424781,8.59947357,-4.99));
#59=DIRECTION('',(0.,0.,-1.));
#60=VECTOR('',#59,6.);
#61=LINE('',#58,#60);
#62=EDGE_CURVE('',#33,#51,#61,.T.);
#63=ORIENTED_EDGE('',*,*,#62,.F.);
#64=EDGE_LOOP('',(#41,#49,#57,#63));
#65=FACE_BOUND('',#64,.T.);
#66=ADVANCED_FACE('',(#65),#31,.F.);
#67=COLOUR_RGB('',0.627451003,0.627451003,0.643137276);
#68=FILL_AREA_STYLE_COLOUR('',#67);
#69=FILL_AREA_STYLE('',(#68));
#70=SURFACE_STYLE_FILL_AREA(#69);
#71=SURFACE_SIDE_STYLE('',(#70));
#72=SURFACE_STYLE_USAGE(.BOTH.,#71);
#73=PRESENTATION_STYLE_ASSIGNMENT((#72));
#74=OVER_RIDING_STYLED_ITEM('',(#73),#66,#26);
#75=CARTESIAN_POINT('',(-28.5,7.067384684,-8.99));
#76=DIRECTION('',(0.,0.,-1.));
#77=DIRECTION('',(1.,0.,0.));
#78=AXIS2_PLACEMENT_3D('',#75,#76,#77);
#79=CYLINDRICAL_SURFACE('',#78,2.);
#80=CARTESIAN_POINT('',(-26.5,7.067384684,-10.99));
#81=VERTEX_POINT('',#80);
#82=CARTESIAN_POINT('',(-28.5,7.067384684,-10.99));
#83=DIRECTION('',(0.,0.,1.));
#84=DIRECTION('',(1.,0.,-0.));
#85=AXIS2_PLACEMENT_3D('',#82,#83,#84);
#86=CIRCLE('',#85,2.);
#87=EDGE_CURVE('',#81,#51,#86,.T.);
#88=ORIENTED_EDGE('',*,*,#87,.F.);
#89=CARTESIAN_POINT('',(-26.5,7.067384684,-4.99));
#90=VERTEX_POINT('',#89);
#91=CARTESIAN_POINT('',(-26.5,7.067384684,-4.99));
#92=DIRECTION('',(0.,0.,-1.));
#93=VECTOR('',#92,6.);
#94=LINE('',#91,#93);
#95=EDGE_CURVE('',#90,#81,#94,.T.);
#96=ORIENTED_EDGE('',*,*,#95,.F.);
#97=CARTESIAN_POINT('',(-28.5,7.067384684,-4.99));
#98=DIRECTION('',(0.,0.,1.));
#99=DIRECTION('',(1.,0.,-0.));
#100=AXIS2_PLACEMENT_3D('',#97,#98,#99);
#101=CIRCLE('',#100,2.);
#102=EDGE_CURVE('',#90,#33,#101,.T.);
#103=ORIENTED_EDGE('',*,*,#102,.T.);
#104=ORIENTED_EDGE('',*,*,#62,.T.);
#105=EDGE_LOOP('',(#88,#96,#103,#104));
#106=FACE_BOUND('',#105,.T.);
#107=ADVANCED_FACE('',(#106),#79,.F.);
#108=OVER_RIDING_STYLED_ITEM('',(#73),#107,#26);
#109=CARTESIAN_POINT('',(-26.5,0.5,-8.99));
#110=DIRECTION('',(1.,-0.,0.));
#111=DIRECTION('',(-0.,-1.,0.));
#112=AXIS2_PLACEMENT_3D('',#109,#110,#111);
#113=PLANE('',#112);
#114=CARTESIAN_POINT('',(-26.5,-6.067384684,-10.99));
#115=VERTEX_POINT('',#114);
#116=CARTESIAN_POINT('',(-26.5,-6.067384684,-10.99));
#117=DIRECTION('',(0.,1.,0.));
#118=VECTOR('',#117,13.134769367);
#119=LINE('',#116,#118);
#120=EDGE_CURVE('',#115,#81,#119,.T.);
#121=ORIENTED_EDGE('',*,*,#120,.F.);
#122=CARTESIAN_POINT('',(-26.5,-6.067384684,-4.99));
#123=VERTEX_POINT('',#122);
#124=CARTESIAN_POINT('',(-26.5,-6.067384684,-4.99));
#125=DIRECTION('',(0.,0.,-1.));
#126=VECTOR('',#125,6.);
#127=LINE('',#124,#126);
#128=EDGE_CURVE('',#123,#115,#127,.T.);
#129=ORIENTED_EDGE('',*,*,#128,.F.);
#130=CARTESIAN_POINT('',(-26.5,-6.067384684,-4.99));
#131=DIRECTION('',(0.,1.,0.));
#132=VECTOR('',#131,13.134769367);
#133=LINE('',#130,#132);
#134=EDGE_CURVE('',#123,#90,#133,.T.);
#135=ORIENTED_EDGE('',*,*,#134,.T.);
#136=ORIENTED_EDGE('',*,*,#95,.T.);
#137=EDGE_LOOP('',(#121,#129,#135,#136));
#138=FACE_BOUND('',#137,.T.);
#139=ADVANCED_FACE('',(#138),#113,.F.);
#140=OVER_RIDING_STYLED_ITEM('',(#73),#139,#26);
#141=CARTESIAN_POINT('',(-28.5,-6.067384684,-8.99));
#142=DIRECTION('',(0.,0.,-1.));
#143=DIRECTION('',(1.,0.,0.));
#144=AXIS2_PLACEMENT_3D('',#141,#142,#143);
#145=CYLINDRICAL_SURFACE('',#144,2.);
#146=CARTESIAN_POINT('',(-27.214424781,-7.59947357,-10.99));
#147=VERTEX_POINT('',#146);
#148=CARTESIAN_POINT('',(-28.5,-6.067384684,-10.99));
#149=DIRECTION('',(0.,0.,1.));
#150=DIRECTION('',(1.,0.,-0.));
#151=AXIS2_PLACEMENT_3D('',#148,#149,#150);
#152=CIRCLE('',#151,2.);
#153=EDGE_CURVE('',#147,#115,#152,.T.);
#154=ORIENTED_EDGE('',*,*,#153,.F.);
#155=CARTESIAN_POINT('',(-27.214421136,-7.599470512,-4.99));
#156=VERTEX_POINT('',#155);
#157=CARTESIAN_POINT('',(-27.214424781,-7.59947357,-4.99));
#158=DIRECTION('',(0.,0.,-1.));
#159=VECTOR('',#158,6.);
#160=LINE('',#157,#159);
#161=EDGE_CURVE('',#156,#147,#160,.T.);
#162=ORIENTED_EDGE('',*,*,#161,.F.);
#163=CARTESIAN_POINT('',(-28.5,-6.067384684,-4.99));
#164=DIRECTION('',(0.,0.,1.));
#165=DIRECTION('',(1.,0.,-0.));
#166=AXIS2_PLACEMENT_3D('',#163,#164,#165);
#167=CIRCLE('',#166,2.);
#168=EDGE_CURVE('',#156,#123,#167,.T.);
#169=ORIENTED_EDGE('',*,*,#168,.T.);
#170=ORIENTED_EDGE('',*,*,#128,.T.);
#171=EDGE_LOOP('',(#154,#162,#169,#170));
#172=FACE_BOUND('',#171,.T.);
#173=ADVANCED_FACE('',(#172),#145,.F.);
#174=OVER_RIDING_STYLED_ITEM('',(#73),#173,#26);
#175=CARTESIAN_POINT('',(-28.35721239,-8.558386232,-8.99));
#176=DIRECTION('',(-0.64278761,0.766044443,0.));
#177=DIRECTION('',(0.766044443,0.64278761,0.));
#178=AXIS2_PLACEMENT_3D('',#175,#176,#177);
#179=PLANE('',#178);
#180=CARTESIAN_POINT('',(-30.85721239,-10.65613531,-10.99));
#181=VERTEX_POINT('',#180);
#182=CARTESIAN_POINT('',(-27.214424781,-7.59947357,-10.99));
#183=DIRECTION('',(-0.766044443,-0.64278761,0.));
#184=VECTOR('',#183,4.755321499);
#185=LINE('',#182,#184);
#186=EDGE_CURVE('',#147,#181,#185,.T.);
#187=ORIENTED_EDGE('',*,*,#186,.T.);
#188=CARTESIAN_POINT('',(-30.85721239,-10.65613531,-4.99));
#189=VERTEX_POINT('',#188);
#190=CARTESIAN_POINT('',(-30.85721239,-10.65613531,-10.99));
#191=DIRECTION('',(-0.,-0.,1.));
#192=VECTOR('',#191,6.);
#193=LINE('',#190,#192);
#194=EDGE_CURVE('',#181,#189,#193,.T.);
#195=ORIENTED_EDGE('',*,*,#194,.T.);
#196=CARTESIAN_POINT('',(-27.214421136,-7.599470512,-4.99));
#197=DIRECTION('',(-0.766044443,-0.64278761,0.));
#198=VECTOR('',#197,4.755326257);
#199=LINE('',#196,#198);
#200=EDGE_CURVE('',#156,#189,#199,.T.);
#201=ORIENTED_EDGE('',*,*,#200,.F.);
#202=ORIENTED_EDGE('',*,*,#161,.T.);
#203=EDGE_LOOP('',(#187,#195,#201,#202));
#204=FACE_BOUND('',#203,.T.);
#205=ADVANCED_FACE('',(#204),#179,.T.);
#206=OVER_RIDING_STYLED_ITEM('',(#73),#205,#26);
#207=CARTESIAN_POINT('',(-28.696515488,-12.106613559,-8.99));
#208=DIRECTION('',(-0.64278761,0.766044443,0.));
#209=DIRECTION('',(0.766044443,0.64278761,0.));
#210=AXIS2_PLACEMENT_3D('',#207,#208,#209);
#211=PLANE('',#210);
#212=CARTESIAN_POINT('',(-25.607455756,-9.514584678,-10.99));
#213=VERTEX_POINT('',#212);
#214=CARTESIAN_POINT('',(-29.5,-12.780817117,-10.99));
#215=VERTEX_POINT('',#214);
#216=CARTESIAN_POINT('',(-25.607455756,-9.514584678,-10.99));
#217=DIRECTION('',(-0.766044443,-0.64278761,0.));
#218=VECTOR('',#217,5.08135563);
#219=LINE('',#216,#218);
#220=EDGE_CURVE('',#213,#215,#219,.T.);
#221=ORIENTED_EDGE('',*,*,#220,.F.);
#222=CARTESIAN_POINT('',(-25.6074526,-9.514582029,-4.99));
#223=VERTEX_POINT('',#222);
#224=CARTESIAN_POINT('',(-25.607455756,-9.514584678,-4.99));
#225=DIRECTION('',(0.,0.,-1.));
#226=VECTOR('',#225,6.);
#227=LINE('',#224,#226);
#228=EDGE_CURVE('',#223,#213,#227,.T.);
#229=ORIENTED_EDGE('',*,*,#228,.F.);
#230=CARTESIAN_POINT('',(-29.5,-12.780817117,-4.99));
#231=VERTEX_POINT('',#230);
#232=CARTESIAN_POINT('',(-25.6074526,-9.514582029,-4.99));
#233=DIRECTION('',(-0.766044443,-0.64278761,0.));
#234=VECTOR('',#233,5.08135975);
#235=LINE('',#232,#234);
#236=EDGE_CURVE('',#223,#231,#235,.T.);
#237=ORIENTED_EDGE('',*,*,#236,.T.);
#238=CARTESIAN_POINT('',(-29.5,-12.780817117,-4.99));
#239=DIRECTION('',(0.,0.,-1.));
#240=VECTOR('',#239,6.);
#241=LINE('',#238,#240);
#242=EDGE_CURVE('',#231,#215,#241,.T.);
#243=ORIENTED_EDGE('',*,*,#242,.T.);
#244=EDGE_LOOP('',(#221,#229,#237,#243));
#245=FACE_BOUND('',#244,.T.);
#246=ADVANCED_FACE('',(#245),#211,.F.);
#247=OVER_RIDING_STYLED_ITEM('',(#73),#246,#26);
#248=CARTESIAN_POINT('',(-28.5,-6.067384684,-8.99));
#249=DIRECTION('',(0.,0.,-1.));
#250=DIRECTION('',(1.,0.,0.));
#251=AXIS2_PLACEMENT_3D('',#248,#249,#250);
#252=CYLINDRICAL_SURFACE('',#251,4.5);
#253=CARTESIAN_POINT('',(-24.,-6.067384684,-10.99));
#254=VERTEX_POINT('',#253);
#255=CARTESIAN_POINT('',(-28.5,-6.067384684,-10.99));
#256=DIRECTION('',(0.,0.,1.));
#257=DIRECTION('',(1.,0.,-0.));
#258=AXIS2_PLACEMENT_3D('',#255,#256,#257);
#259=CIRCLE('',#258,4.5);
#260=EDGE_CURVE('',#213,#254,#259,.T.);
#261=ORIENTED_EDGE('',*,*,#260,.T.);
#262=CARTESIAN_POINT('',(-24.,-6.067387993,-4.99));
#263=VERTEX_POINT('',#262);
#264=CARTESIAN_POINT('',(-24.,-6.067384684,-4.99));
#265=DIRECTION('',(0.,0.,-1.));
#266=VECTOR('',#265,6.);
#267=LINE('',#264,#266);
#268=EDGE_CURVE('',#263,#254,#267,.T.);
#269=ORIENTED_EDGE('',*,*,#268,.F.);
#270=CARTESIAN_POINT('',(-28.5,-6.067384684,-4.99));
#271=DIRECTION('',(0.,0.,1.));
#272=DIRECTION('',(1.,0.,-0.));
#273=AXIS2_PLACEMENT_3D('',#270,#271,#272);
#274=CIRCLE('',#273,4.5);
#275=EDGE_CURVE('',#223,#263,#274,.T.);
#276=ORIENTED_EDGE('',*,*,#275,.F.);
#277=ORIENTED_EDGE('',*,*,#228,.T.);
#278=EDGE_LOOP('',(#261,#269,#276,#277));
#279=FACE_BOUND('',#278,.T.);
#280=ADVANCED_FACE('',(#279),#252,.T.);
#281=OVER_RIDING_STYLED_ITEM('',(#73),#280,#26);
#282=CARTESIAN_POINT('',(-24.,0.5,-8.99));
#283=DIRECTION('',(1.,-0.,0.));
#284=DIRECTION('',(-0.,-1.,0.));
#285=AXIS2_PLACEMENT_3D('',#282,#283,#284);
#286=PLANE('',#285);
#287=CARTESIAN_POINT('',(-24.,7.067384684,-10.99));
#288=VERTEX_POINT('',#287);
#289=CARTESIAN_POINT('',(-24.,-6.067384684,-10.99));
#290=DIRECTION('',(0.,1.,0.));
#291=VECTOR('',#290,13.134769367);
#292=LINE('',#289,#291);
#293=EDGE_CURVE('',#254,#288,#292,.T.);
#294=ORIENTED_EDGE('',*,*,#293,.T.);
#295=CARTESIAN_POINT('',(-24.,7.067384684,-4.99));
#296=VERTEX_POINT('',#295);
#297=CARTESIAN_POINT('',(-24.,7.067384684,-4.99));
#298=DIRECTION('',(0.,0.,-1.));
#299=VECTOR('',#298,6.);
#300=LINE('',#297,#299);
#301=EDGE_CURVE('',#296,#288,#300,.T.);
#302=ORIENTED_EDGE('',*,*,#301,.F.);
#303=CARTESIAN_POINT('',(-24.,-6.067387993,-4.99));
#304=DIRECTION('',(0.,1.,0.));
#305=VECTOR('',#304,13.134772676);
#306=LINE('',#303,#305);
#307=EDGE_CURVE('',#263,#296,#306,.T.);
#308=ORIENTED_EDGE('',*,*,#307,.F.);
#309=ORIENTED_EDGE('',*,*,#268,.T.);
#310=EDGE_LOOP('',(#294,#302,#308,#309));
#311=FACE_BOUND('',#310,.T.);
#312=ADVANCED_FACE('',(#311),#286,.T.);
#313=OVER_RIDING_STYLED_ITEM('',(#73),#312,#26);
#314=CARTESIAN_POINT('',(-28.5,7.067384684,-8.99));
#315=DIRECTION('',(0.,0.,-1.));
#316=DIRECTION('',(1.,0.,0.));
#317=AXIS2_PLACEMENT_3D('',#314,#315,#316);
#318=CYLINDRICAL_SURFACE('',#317,4.5);
#319=CARTESIAN_POINT('',(-25.607455756,10.514584678,-10.99));
#320=VERTEX_POINT('',#319);
#321=CARTESIAN_POINT('',(-28.5,7.067384684,-10.99));
#322=DIRECTION('',(0.,0.,1.));
#323=DIRECTION('',(1.,0.,-0.));
#324=AXIS2_PLACEMENT_3D('',#321,#322,#323);
#325=CIRCLE('',#324,4.5);
#326=EDGE_CURVE('',#288,#320,#325,.T.);
#327=ORIENTED_EDGE('',*,*,#326,.T.);
#328=CARTESIAN_POINT('',(-25.607455756,10.514584678,-4.99));
#329=VERTEX_POINT('',#328);
#330=CARTESIAN_POINT('',(-25.607455756,10.514584678,-4.99));
#331=DIRECTION('',(0.,0.,-1.));
#332=VECTOR('',#331,6.);
#333=LINE('',#330,#332);
#334=EDGE_CURVE('',#329,#320,#333,.T.);
#335=ORIENTED_EDGE('',*,*,#334,.F.);
#336=CARTESIAN_POINT('',(-28.5,7.067384684,-4.99));
#337=DIRECTION('',(0.,0.,1.));
#338=DIRECTION('',(1.,0.,-0.));
#339=AXIS2_PLACEMENT_3D('',#336,#337,#338);
#340=CIRCLE('',#339,4.5);
#341=EDGE_CURVE('',#296,#329,#340,.T.);
#342=ORIENTED_EDGE('',*,*,#341,.F.);
#343=ORIENTED_EDGE('',*,*,#301,.T.);
#344=EDGE_LOOP('',(#327,#335,#342,#343));
#345=FACE_BOUND('',#344,.T.);
#346=ADVANCED_FACE('',(#345),#318,.T.);
#347=OVER_RIDING_STYLED_ITEM('',(#73),#346,#26);
#348=CARTESIAN_POINT('',(-26.750243366,11.47349734,-8.99));
#349=DIRECTION('',(0.64278761,0.766044443,0.));
#350=DIRECTION('',(0.766044443,-0.64278761,0.));
#351=AXIS2_PLACEMENT_3D('',#348,#349,#350);
#352=PLANE('',#351);
#353=CARTESIAN_POINT('',(-29.5,13.780817117,-10.99));
#354=VERTEX_POINT('',#353);
#355=CARTESIAN_POINT('',(-25.607455756,10.514584678,-10.99));
#356=DIRECTION('',(-0.766044443,0.64278761,0.));
#357=VECTOR('',#356,5.08135563);
#358=LINE('',#355,#357);
#359=EDGE_CURVE('',#320,#354,#358,.T.);
#360=ORIENTED_EDGE('',*,*,#359,.T.);
#361=CARTESIAN_POINT('',(-29.5,13.780817117,-4.99));
#362=VERTEX_POINT('',#361);
#363=CARTESIAN_POINT('',(-29.5,13.780817117,-4.99));
#364=DIRECTION('',(0.,0.,-1.));
#365=VECTOR('',#364,6.);
#366=LINE('',#363,#365);
#367=EDGE_CURVE('',#362,#354,#366,.T.);
#368=ORIENTED_EDGE('',*,*,#367,.F.);
#369=CARTESIAN_POINT('',(-25.607455756,10.514584678,-4.99));
#370=DIRECTION('',(-0.766044443,0.64278761,0.));
#371=VECTOR('',#370,5.08135563);
#372=LINE('',#369,#371);
#373=EDGE_CURVE('',#329,#362,#372,.T.);
#374=ORIENTED_EDGE('',*,*,#373,.F.);
#375=ORIENTED_EDGE('',*,*,#334,.T.);
#376=EDGE_LOOP('',(#360,#368,#374,#375));
#377=FACE_BOUND('',#376,.T.);
#378=ADVANCED_FACE('',(#377),#352,.T.);
#379=OVER_RIDING_STYLED_ITEM('',(#73),#378,#26);
#380=CARTESIAN_POINT('',(73.5,78.,-4.99));
#381=DIRECTION('',(0.,0.,-1.));
#382=DIRECTION('',(1.,0.,0.));
#383=AXIS2_PLACEMENT_3D('',#380,#381,#382);
#384=PLANE('',#383);
#385=ORIENTED_EDGE('',*,*,#200,.T.);
#386=CARTESIAN_POINT('',(-32.5,-9.890090867,-4.99));
#387=VERTEX_POINT('',#386);
#388=CARTESIAN_POINT('',(-31.5,-9.890090867,-4.99));
#389=DIRECTION('',(0.,0.,-1.));
#390=DIRECTION('',(-1.,0.,0.));
#391=AXIS2_PLACEMENT_3D('',#388,#389,#390);
#392=CIRCLE('',#391,1.);
#393=EDGE_CURVE('',#189,#387,#392,.T.);
#394=ORIENTED_EDGE('',*,*,#393,.T.);
#395=CARTESIAN_POINT('',(-32.5,10.890090867,-4.99));
#396=VERTEX_POINT('',#395);
#397=CARTESIAN_POINT('',(-32.5,10.890090867,-4.99));
#398=DIRECTION('',(0.,-1.,0.));
#399=VECTOR('',#398,20.780181733);
#400=LINE('',#397,#399);
#401=EDGE_CURVE('',#396,#387,#400,.T.);
#402=ORIENTED_EDGE('',*,*,#401,.F.);
#403=CARTESIAN_POINT('',(-31.5,10.890090867,-4.99));
#404=DIRECTION('',(0.,0.,-1.));
#405=DIRECTION('',(-1.,0.,0.));
#406=AXIS2_PLACEMENT_3D('',#403,#404,#405);
#407=CIRCLE('',#406,1.);
#408=EDGE_CURVE('',#396,#35,#407,.T.);
#409=ORIENTED_EDGE('',*,*,#408,.T.);
#410=ORIENTED_EDGE('',*,*,#40,.F.);
#411=ORIENTED_EDGE('',*,*,#102,.F.);
#412=ORIENTED_EDGE('',*,*,#134,.F.);
#413=ORIENTED_EDGE('',*,*,#168,.F.);
#414=EDGE_LOOP('',(#385,#394,#402,#409,#410,#411,#412,#413));
#415=FACE_BOUND('',#414,.T.);
#416=ORIENTED_EDGE('',*,*,#373,.T.);
#417=CARTESIAN_POINT('',(-29.5,22.55572809,-4.99));
#418=VERTEX_POINT('',#417);
#419=CARTESIAN_POINT('',(-29.5,13.780817117,-4.99));
#420=DIRECTION('',(-0.,1.,0.));
#421=VECTOR('',#420,8.774910973);
#422=LINE('',#419,#421);
#423=EDGE_CURVE('',#362,#418,#422,.T.);
#424=ORIENTED_EDGE('',*,*,#423,.T.);
#425=CARTESIAN_POINT('',(-34.5,24.791796068,-4.99));
#426=VERTEX_POINT('',#425);
#427=CARTESIAN_POINT('',(-28.5,31.5,-4.99));
#428=DIRECTION('',(0.,0.,1.));
#429=DIRECTION('',(1.,0.,-0.));
#430=AXIS2_PLACEMENT_3D('',#427,#428,#429);
#431=CIRCLE('',#430,9.);
#432=EDGE_CURVE('',#426,#418,#431,.T.);
#433=ORIENTED_EDGE('',*,*,#432,.F.);
#434=CARTESIAN_POINT('',(-34.5,-23.791796068,-4.99));
#435=VERTEX_POINT('',#434);
#436=CARTESIAN_POINT('',(-34.5,24.791796068,-4.99));
#437=DIRECTION('',(-0.,-1.,-0.));
#438=VECTOR('',#437,48.583592135);
#439=LINE('',#436,#438);
#440=EDGE_CURVE('',#426,#435,#439,.T.);
#441=ORIENTED_EDGE('',*,*,#440,.T.);
#442=CARTESIAN_POINT('',(-29.5,-21.55572809,-4.99));
#443=VERTEX_POINT('',#442);
#444=CARTESIAN_POINT('',(-28.5,-30.5,-4.99));
#445=DIRECTION('',(0.,0.,1.));
#446=DIRECTION('',(1.,0.,-0.));
#447=AXIS2_PLACEMENT_3D('',#444,#445,#446);
#448=CIRCLE('',#447,9.);
#449=EDGE_CURVE('',#443,#435,#448,.T.);
#450=ORIENTED_EDGE('',*,*,#449,.F.);
#451=CARTESIAN_POINT('',(-29.5,-12.780817117,-4.99));
#452=DIRECTION('',(0.,-1.,0.));
#453=VECTOR('',#452,8.774910973);
#454=LINE('',#451,#453);
#455=EDGE_CURVE('',#231,#443,#454,.T.);
#456=ORIENTED_EDGE('',*,*,#455,.F.);
#457=ORIENTED_EDGE('',*,*,#236,.F.);
#458=ORIENTED_EDGE('',*,*,#275,.T.);
#459=ORIENTED_EDGE('',*,*,#307,.T.);
#460=ORIENTED_EDGE('',*,*,#341,.T.);
#461=EDGE_LOOP('',(#416,#424,#433,#441,#450,#456,#457,#458,#459,#460));
#462=FACE_BOUND('',#461,.T.);
#463=ADVANCED_FACE('',(#415,#462),#384,.F.);
#464=OVER_RIDING_STYLED_ITEM('',(#73),#463,#26);
#465=CARTESIAN_POINT('',(73.5,78.,-10.99));
#466=DIRECTION('',(0.,0.,-1.));
#467=DIRECTION('',(1.,0.,0.));
#468=AXIS2_PLACEMENT_3D('',#465,#466,#467);
#469=PLANE('',#468);
#470=CARTESIAN_POINT('',(27.714424781,-7.59947357,-10.99));
#471=VERTEX_POINT('',#470);
#472=CARTESIAN_POINT('',(31.35721239,-10.65613531,-10.99));
#473=VERTEX_POINT('',#472);
#474=CARTESIAN_POINT('',(27.714424781,-7.59947357,-10.99));
#475=DIRECTION('',(0.766044443,-0.64278761,0.));
#476=VECTOR('',#475,4.755321499);
#477=LINE('',#474,#476);
#478=EDGE_CURVE('',#471,#473,#477,.T.);
#479=ORIENTED_EDGE('',*,*,#478,.T.);
#480=CARTESIAN_POINT('',(33.,-9.890090867,-10.99));
#481=VERTEX_POINT('',#480);
#482=CARTESIAN_POINT('',(32.,-9.890090867,-10.99));
#483=DIRECTION('',(-0.,-0.,1.));
#484=DIRECTION('',(-1.,0.,0.));
#485=AXIS2_PLACEMENT_3D('',#482,#483,#484);
#486=CIRCLE('',#485,1.);
#487=EDGE_CURVE('',#473,#481,#486,.T.);
#488=ORIENTED_EDGE('',*,*,#487,.T.);
#489=CARTESIAN_POINT('',(33.,10.890090867,-10.99));
#490=VERTEX_POINT('',#489);
#491=CARTESIAN_POINT('',(33.,-9.890090867,-10.99));
#492=DIRECTION('',(0.,1.,0.));
#493=VECTOR('',#492,20.780181733);
#494=LINE('',#491,#493);
#495=EDGE_CURVE('',#481,#490,#494,.T.);
#496=ORIENTED_EDGE('',*,*,#495,.T.);
#497=CARTESIAN_POINT('',(31.35721239,11.65613531,-10.99));
#498=VERTEX_POINT('',#497);
#499=CARTESIAN_POINT('',(32.,10.890090867,-10.99));
#500=DIRECTION('',(-0.,-0.,1.));
#501=DIRECTION('',(-1.,0.,0.));
#502=AXIS2_PLACEMENT_3D('',#499,#500,#501);
#503=CIRCLE('',#502,1.);
#504=EDGE_CURVE('',#490,#498,#503,.T.);
#505=ORIENTED_EDGE('',*,*,#504,.T.);
#506=CARTESIAN_POINT('',(27.714424781,8.59947357,-10.99));
#507=VERTEX_POINT('',#506);
#508=CARTESIAN_POINT('',(27.714424781,8.59947357,-10.99));
#509=DIRECTION('',(0.766044443,0.64278761,0.));
#510=VECTOR('',#509,4.755321499);
#511=LINE('',#508,#510);
#512=EDGE_CURVE('',#507,#498,#511,.T.);
#513=ORIENTED_EDGE('',*,*,#512,.F.);
#514=CARTESIAN_POINT('',(27.,7.067384684,-10.99));
#515=VERTEX_POINT('',#514);
#516=CARTESIAN_POINT('',(29.,7.067384684,-10.99));
#517=DIRECTION('',(0.,0.,-1.));
#518=DIRECTION('',(-1.,0.,0.));
#519=AXIS2_PLACEMENT_3D('',#516,#517,#518);
#520=CIRCLE('',#519,2.);
#521=EDGE_CURVE('',#515,#507,#520,.T.);
#522=ORIENTED_EDGE('',*,*,#521,.F.);
#523=CARTESIAN_POINT('',(27.,-6.067384684,-10.99));
#524=VERTEX_POINT('',#523);
#525=CARTESIAN_POINT('',(27.,-6.067384684,-10.99));
#526=DIRECTION('',(-0.,1.,0.));
#527=VECTOR('',#526,13.134769367);
#528=LINE('',#525,#527);
#529=EDGE_CURVE('',#524,#515,#528,.T.);
#530=ORIENTED_EDGE('',*,*,#529,.F.);
#531=CARTESIAN_POINT('',(29.,-6.067384684,-10.99));
#532=DIRECTION('',(0.,0.,-1.));
#533=DIRECTION('',(-1.,0.,0.));
#534=AXIS2_PLACEMENT_3D('',#531,#532,#533);
#535=CIRCLE('',#534,2.);
#536=EDGE_CURVE('',#471,#524,#535,.T.);
#537=ORIENTED_EDGE('',*,*,#536,.F.);
#538=EDGE_LOOP('',(#479,#488,#496,#505,#513,#522,#530,#537));
#539=FACE_BOUND('',#538,.T.);
#540=ORIENTED_EDGE('',*,*,#56,.T.);
#541=CARTESIAN_POINT('',(-32.5,10.890090867,-10.99));
#542=VERTEX_POINT('',#541);
#543=CARTESIAN_POINT('',(-31.5,10.890090867,-10.99));
#544=DIRECTION('',(-0.,-0.,1.));
#545=DIRECTION('',(-1.,0.,0.));
#546=AXIS2_PLACEMENT_3D('',#543,#544,#545);
#547=CIRCLE('',#546,1.);
#548=EDGE_CURVE('',#43,#542,#547,.T.);
#549=ORIENTED_EDGE('',*,*,#548,.T.);
#550=CARTESIAN_POINT('',(-32.5,-9.890090867,-10.99));
#551=VERTEX_POINT('',#550);
#552=CARTESIAN_POINT('',(-32.5,10.890090867,-10.99));
#553=DIRECTION('',(0.,-1.,0.));
#554=VECTOR('',#553,20.780181733);
#555=LINE('',#552,#554);
#556=EDGE_CURVE('',#542,#551,#555,.T.);
#557=ORIENTED_EDGE('',*,*,#556,.T.);
#558=CARTESIAN_POINT('',(-31.5,-9.890090867,-10.99));
#559=DIRECTION('',(-0.,-0.,1.));
#560=DIRECTION('',(-1.,0.,0.));
#561=AXIS2_PLACEMENT_3D('',#558,#559,#560);
#562=CIRCLE('',#561,1.);
#563=EDGE_CURVE('',#551,#181,#562,.T.);
#564=ORIENTED_EDGE('',*,*,#563,.T.);
#565=ORIENTED_EDGE('',*,*,#186,.F.);
#566=ORIENTED_EDGE('',*,*,#153,.T.);
#567=ORIENTED_EDGE('',*,*,#120,.T.);
#568=ORIENTED_EDGE('',*,*,#87,.T.);
#569=EDGE_LOOP('',(#540,#549,#557,#564,#565,#566,#567,#568));
#570=FACE_BOUND('',#569,.T.);
#571=CARTESIAN_POINT('',(-29.5,22.55572809,-10.99));
#572=VERTEX_POINT('',#571);
#573=CARTESIAN_POINT('',(-29.5,13.780817117,-10.99));
#574=DIRECTION('',(-0.,1.,0.));
#575=VECTOR('',#574,8.774910973);
#576=LINE('',#573,#575);
#577=EDGE_CURVE('',#354,#572,#576,.T.);
#578=ORIENTED_EDGE('',*,*,#577,.F.);
#579=ORIENTED_EDGE('',*,*,#359,.F.);
#580=ORIENTED_EDGE('',*,*,#326,.F.);
#581=ORIENTED_EDGE('',*,*,#293,.F.);
#582=ORIENTED_EDGE('',*,*,#260,.F.);
#583=ORIENTED_EDGE('',*,*,#220,.T.);
#584=CARTESIAN_POINT('',(-29.5,-21.55572809,-10.99));
#585=VERTEX_POINT('',#584);
#586=CARTESIAN_POINT('',(-29.5,-12.780817117,-10.99));
#587=DIRECTION('',(0.,-1.,0.));
#588=VECTOR('',#587,8.774910973);
#589=LINE('',#586,#588);
#590=EDGE_CURVE('',#215,#585,#589,.T.);
#591=ORIENTED_EDGE('',*,*,#590,.T.);
#592=CARTESIAN_POINT('',(-19.5,-30.5,-10.99));
#593=VERTEX_POINT('',#592);
#594=CARTESIAN_POINT('',(-28.5,-30.5,-10.99));
#595=DIRECTION('',(0.,0.,1.));
#596=DIRECTION('',(1.,0.,-0.));
#597=AXIS2_PLACEMENT_3D('',#594,#595,#596);
#598=CIRCLE('',#597,9.);
#599=EDGE_CURVE('',#593,#585,#598,.T.);
#600=ORIENTED_EDGE('',*,*,#599,.F.);
#601=CARTESIAN_POINT('',(-19.55572809,-31.5,-10.99));
#602=VERTEX_POINT('',#601);
#603=CARTESIAN_POINT('',(-28.5,-30.5,-10.99));
#604=DIRECTION('',(0.,0.,1.));
#605=DIRECTION('',(1.,0.,-0.));
#606=AXIS2_PLACEMENT_3D('',#603,#604,#605);
#607=CIRCLE('',#606,9.);
#608=EDGE_CURVE('',#602,#593,#607,.T.);
#609=ORIENTED_EDGE('',*,*,#608,.F.);
#610=CARTESIAN_POINT('',(-7.465319242,-31.5,-10.99));
#611=VERTEX_POINT('',#610);
#612=CARTESIAN_POINT('',(-19.55572809,-31.5,-10.99));
#613=DIRECTION('',(1.,0.,-0.));
#614=VECTOR('',#613,12.090408848);
#615=LINE('',#612,#614);
#616=EDGE_CURVE('',#602,#611,#615,.T.);
#617=ORIENTED_EDGE('',*,*,#616,.T.);
#618=CARTESIAN_POINT('',(-5.547493919,-33.785575219,-10.99));
#619=VERTEX_POINT('',#618);
#620=CARTESIAN_POINT('',(-5.547493919,-33.785575219,-10.99));
#621=DIRECTION('',(-0.64278761,0.766044443,0.));
#622=VECTOR('',#621,2.983606552);
#623=LINE('',#620,#622);
#624=EDGE_CURVE('',#619,#611,#623,.T.);
#625=ORIENTED_EDGE('',*,*,#624,.F.);
#626=CARTESIAN_POINT('',(-4.015405032,-34.5,-10.99));
#627=VERTEX_POINT('',#626);
#628=CARTESIAN_POINT('',(-4.015405032,-32.5,-10.99));
#629=DIRECTION('',(0.,0.,1.));
#630=DIRECTION('',(1.,0.,-0.));
#631=AXIS2_PLACEMENT_3D('',#628,#629,#630);
#632=CIRCLE('',#631,2.);
#633=EDGE_CURVE('',#619,#627,#632,.T.);
#634=ORIENTED_EDGE('',*,*,#633,.T.);
#635=CARTESIAN_POINT('',(4.515405032,-34.5,-10.99));
#636=VERTEX_POINT('',#635);
#637=CARTESIAN_POINT('',(4.515405032,-34.5,-10.99));
#638=DIRECTION('',(-1.,0.,0.));
#639=VECTOR('',#638,8.530810065);
#640=LINE('',#637,#639);
#641=EDGE_CURVE('',#636,#627,#640,.T.);
#642=ORIENTED_EDGE('',*,*,#641,.F.);
#643=CARTESIAN_POINT('',(6.047493919,-33.785575219,-10.99));
#644=VERTEX_POINT('',#643);
#645=CARTESIAN_POINT('',(4.515405032,-32.5,-10.99));
#646=DIRECTION('',(0.,0.,1.));
#647=DIRECTION('',(1.,0.,-0.));
#648=AXIS2_PLACEMENT_3D('',#645,#646,#647);
#649=CIRCLE('',#648,2.);
#650=EDGE_CURVE('',#636,#644,#649,.T.);
#651=ORIENTED_EDGE('',*,*,#650,.T.);
#652=CARTESIAN_POINT('',(7.965319242,-31.5,-10.99));
#653=VERTEX_POINT('',#652);
#654=CARTESIAN_POINT('',(6.047493919,-33.785575219,-10.99));
#655=DIRECTION('',(0.64278761,0.766044443,0.));
#656=VECTOR('',#655,2.983606552);
#657=LINE('',#654,#656);
#658=EDGE_CURVE('',#644,#653,#657,.T.);
#659=ORIENTED_EDGE('',*,*,#658,.T.);
#660=CARTESIAN_POINT('',(20.05572809,-31.5,-10.99));
#661=VERTEX_POINT('',#660);
#662=CARTESIAN_POINT('',(7.965319242,-31.5,-10.99));
#663=DIRECTION('',(1.,-0.,0.));
#664=VECTOR('',#663,12.090408848);
#665=LINE('',#662,#664);
#666=EDGE_CURVE('',#653,#661,#665,.T.);
#667=ORIENTED_EDGE('',*,*,#666,.T.);
#668=CARTESIAN_POINT('',(30.,-21.55572809,-10.99));
#669=VERTEX_POINT('',#668);
#670=CARTESIAN_POINT('',(29.,-30.5,-10.99));
#671=DIRECTION('',(0.,0.,1.));
#672=DIRECTION('',(1.,0.,-0.));
#673=AXIS2_PLACEMENT_3D('',#670,#671,#672);
#674=CIRCLE('',#673,9.);
#675=EDGE_CURVE('',#669,#661,#674,.T.);
#676=ORIENTED_EDGE('',*,*,#675,.F.);
#677=CARTESIAN_POINT('',(30.,-12.780817117,-10.99));
#678=VERTEX_POINT('',#677);
#679=CARTESIAN_POINT('',(30.,-12.780817117,-10.99));
#680=DIRECTION('',(0.,-1.,0.));
#681=VECTOR('',#680,8.774910973);
#682=LINE('',#679,#681);
#683=EDGE_CURVE('',#678,#669,#682,.T.);
#684=ORIENTED_EDGE('',*,*,#683,.F.);
#685=CARTESIAN_POINT('',(26.107455756,-9.514584678,-10.99));
#686=VERTEX_POINT('',#685);
#687=CARTESIAN_POINT('',(26.107455756,-9.514584678,-10.99));
#688=DIRECTION('',(0.766044443,-0.64278761,0.));
#689=VECTOR('',#688,5.08135563);
#690=LINE('',#687,#689);
#691=EDGE_CURVE('',#686,#678,#690,.T.);
#692=ORIENTED_EDGE('',*,*,#691,.F.);
#693=CARTESIAN_POINT('',(24.5,-6.067384684,-10.99));
#694=VERTEX_POINT('',#693);
#695=CARTESIAN_POINT('',(29.,-6.067384684,-10.99));
#696=DIRECTION('',(0.,0.,-1.));
#697=DIRECTION('',(-1.,0.,0.));
#698=AXIS2_PLACEMENT_3D('',#695,#696,#697);
#699=CIRCLE('',#698,4.5);
#700=EDGE_CURVE('',#686,#694,#699,.T.);
#701=ORIENTED_EDGE('',*,*,#700,.T.);
#702=CARTESIAN_POINT('',(24.5,7.067384684,-10.99));
#703=VERTEX_POINT('',#702);
#704=CARTESIAN_POINT('',(24.5,-6.067384684,-10.99));
#705=DIRECTION('',(-0.,1.,0.));
#706=VECTOR('',#705,13.134769367);
#707=LINE('',#704,#706);
#708=EDGE_CURVE('',#694,#703,#707,.T.);
#709=ORIENTED_EDGE('',*,*,#708,.T.);
#710=CARTESIAN_POINT('',(26.107455756,10.514584678,-10.99));
#711=VERTEX_POINT('',#710);
#712=CARTESIAN_POINT('',(29.,7.067384684,-10.99));
#713=DIRECTION('',(0.,0.,-1.));
#714=DIRECTION('',(-1.,0.,0.));
#715=AXIS2_PLACEMENT_3D('',#712,#713,#714);
#716=CIRCLE('',#715,4.5);
#717=EDGE_CURVE('',#703,#711,#716,.T.);
#718=ORIENTED_EDGE('',*,*,#717,.T.);
#719=CARTESIAN_POINT('',(30.,13.780817117,-10.99));
#720=VERTEX_POINT('',#719);
#721=CARTESIAN_POINT('',(26.107455756,10.514584678,-10.99));
#722=DIRECTION('',(0.766044443,0.64278761,0.));
#723=VECTOR('',#722,5.08135563);
#724=LINE('',#721,#723);
#725=EDGE_CURVE('',#711,#720,#724,.T.);
#726=ORIENTED_EDGE('',*,*,#725,.T.);
#727=CARTESIAN_POINT('',(30.,22.55572809,-10.99));
#728=VERTEX_POINT('',#727);
#729=CARTESIAN_POINT('',(30.,13.780817117,-10.99));
#730=DIRECTION('',(-0.,1.,0.));
#731=VECTOR('',#730,8.774910973);
#732=LINE('',#729,#731);
#733=EDGE_CURVE('',#720,#728,#732,.T.);
#734=ORIENTED_EDGE('',*,*,#733,.T.);
#735=CARTESIAN_POINT('',(20.05572809,32.5,-10.99));
#736=VERTEX_POINT('',#735);
#737=CARTESIAN_POINT('',(29.,31.5,-10.99));
#738=DIRECTION('',(0.,0.,1.));
#739=DIRECTION('',(1.,0.,-0.));
#740=AXIS2_PLACEMENT_3D('',#737,#738,#739);
#741=CIRCLE('',#740,9.);
#742=EDGE_CURVE('',#736,#728,#741,.T.);
#743=ORIENTED_EDGE('',*,*,#742,.F.);
#744=CARTESIAN_POINT('',(14.897934559,32.5,-10.99));
#745=VERTEX_POINT('',#744);
#746=CARTESIAN_POINT('',(20.05572809,32.5,-10.99));
#747=DIRECTION('',(-1.,0.,0.));
#748=VECTOR('',#747,5.157793531);
#749=LINE('',#746,#748);
#750=EDGE_CURVE('',#736,#745,#749,.T.);
#751=ORIENTED_EDGE('',*,*,#750,.T.);
#752=CARTESIAN_POINT('',(13.365845672,33.214424781,-10.99));
#753=VERTEX_POINT('',#752);
#754=CARTESIAN_POINT('',(14.897934559,34.5,-10.99));
#755=DIRECTION('',(-0.,-0.,-1.));
#756=DIRECTION('',(1.,0.,-0.));
#757=AXIS2_PLACEMENT_3D('',#754,#755,#756);
#758=CIRCLE('',#757,2.);
#759=EDGE_CURVE('',#745,#753,#758,.T.);
#760=ORIENTED_EDGE('',*,*,#759,.T.);
#761=CARTESIAN_POINT('',(12.047493919,34.785575219,-10.99));
#762=VERTEX_POINT('',#761);
#763=CARTESIAN_POINT('',(12.047493919,34.785575219,-10.99));
#764=DIRECTION('',(0.64278761,-0.766044443,0.));
#765=VECTOR('',#764,2.050991235);
#766=LINE('',#763,#765);
#767=EDGE_CURVE('',#762,#753,#766,.T.);
#768=ORIENTED_EDGE('',*,*,#767,.F.);
#769=CARTESIAN_POINT('',(10.515405032,35.5,-10.99));
#770=VERTEX_POINT('',#769);
#771=CARTESIAN_POINT('',(10.515405032,33.5,-10.99));
#772=DIRECTION('',(0.,0.,1.));
#773=DIRECTION('',(1.,0.,-0.));
#774=AXIS2_PLACEMENT_3D('',#771,#772,#773);
#775=CIRCLE('',#774,2.);
#776=EDGE_CURVE('',#762,#770,#775,.T.);
#777=ORIENTED_EDGE('',*,*,#776,.T.);
#778=CARTESIAN_POINT('',(-10.015405032,35.5,-10.99));
#779=VERTEX_POINT('',#778);
#780=CARTESIAN_POINT('',(-10.015405032,35.5,-10.99));
#781=DIRECTION('',(1.,0.,-0.));
#782=VECTOR('',#781,20.530810065);
#783=LINE('',#780,#782);
#784=EDGE_CURVE('',#779,#770,#783,.T.);
#785=ORIENTED_EDGE('',*,*,#784,.F.);
#786=CARTESIAN_POINT('',(-11.547493919,34.785575219,-10.99));
#787=VERTEX_POINT('',#786);
#788=CARTESIAN_POINT('',(-10.015405032,33.5,-10.99));
#789=DIRECTION('',(0.,0.,1.));
#790=DIRECTION('',(1.,0.,-0.));
#791=AXIS2_PLACEMENT_3D('',#788,#789,#790);
#792=CIRCLE('',#791,2.);
#793=EDGE_CURVE('',#779,#787,#792,.T.);
#794=ORIENTED_EDGE('',*,*,#793,.T.);
#795=CARTESIAN_POINT('',(-12.865845672,33.214424781,-10.99));
#796=VERTEX_POINT('',#795);
#797=CARTESIAN_POINT('',(-11.547493919,34.785575219,-10.99));
#798=DIRECTION('',(-0.64278761,-0.766044443,0.));
#799=VECTOR('',#798,2.050991235);
#800=LINE('',#797,#799);
#801=EDGE_CURVE('',#787,#796,#800,.T.);
#802=ORIENTED_EDGE('',*,*,#801,.T.);
#803=CARTESIAN_POINT('',(-14.397934559,32.5,-10.99));
#804=VERTEX_POINT('',#803);
#805=CARTESIAN_POINT('',(-14.397934559,34.5,-10.99));
#806=DIRECTION('',(-0.,-0.,-1.));
#807=DIRECTION('',(1.,0.,-0.));
#808=AXIS2_PLACEMENT_3D('',#805,#806,#807);
#809=CIRCLE('',#808,2.);
#810=EDGE_CURVE('',#796,#804,#809,.T.);
#811=ORIENTED_EDGE('',*,*,#810,.T.);
#812=CARTESIAN_POINT('',(-19.55572809,32.5,-10.99));
#813=VERTEX_POINT('',#812);
#814=CARTESIAN_POINT('',(-14.397934559,32.5,-10.99));
#815=DIRECTION('',(-1.,0.,0.));
#816=VECTOR('',#815,5.157793531);
#817=LINE('',#814,#816);
#818=EDGE_CURVE('',#804,#813,#817,.T.);
#819=ORIENTED_EDGE('',*,*,#818,.T.);
#820=CARTESIAN_POINT('',(-19.5,31.5,-10.99));
#821=VERTEX_POINT('',#820);
#822=CARTESIAN_POINT('',(-28.5,31.5,-10.99));
#823=DIRECTION('',(0.,0.,1.));
#824=DIRECTION('',(1.,0.,-0.));
#825=AXIS2_PLACEMENT_3D('',#822,#823,#824);
#826=CIRCLE('',#825,9.);
#827=EDGE_CURVE('',#821,#813,#826,.T.);
#828=ORIENTED_EDGE('',*,*,#827,.F.);
#829=CARTESIAN_POINT('',(-28.5,31.5,-10.99));
#830=DIRECTION('',(0.,0.,1.));
#831=DIRECTION('',(1.,0.,-0.));
#832=AXIS2_PLACEMENT_3D('',#829,#830,#831);
#833=CIRCLE('',#832,9.);
#834=EDGE_CURVE('',#572,#821,#833,.T.);
#835=ORIENTED_EDGE('',*,*,#834,.F.);
#836=EDGE_LOOP('',(#578,#579,#580,#581,#582,#583,#591,#600,#609,#617,#625,#634,#642,#651,#659,#667,#676,#684,#692,#701,#709,#718,#726,#734,#743,#751,
#760,#768,#777,#785,#794,#802,#811,#819,#828,#835));
#837=FACE_BOUND('',#836,.T.);
#838=CARTESIAN_POINT('',(-35.863636364,26.325363829,-10.99));
#839=VERTEX_POINT('',#838);
#840=CARTESIAN_POINT('',(-23.325363829,38.863636364,-10.99));
#841=VERTEX_POINT('',#840);
#842=CARTESIAN_POINT('',(-28.5,31.5,-10.99));
#843=DIRECTION('',(-0.,-0.,-1.));
#844=DIRECTION('',(1.,0.,-0.));
#845=AXIS2_PLACEMENT_3D('',#842,#843,#844);
#846=CIRCLE('',#845,9.);
#847=EDGE_CURVE('',#839,#841,#846,.T.);
#848=ORIENTED_EDGE('',*,*,#847,.T.);
#849=CARTESIAN_POINT('',(-22.17544468,38.5,-10.99));
#850=VERTEX_POINT('',#849);
#851=CARTESIAN_POINT('',(-22.17544468,40.5,-10.99));
#852=DIRECTION('',(0.,0.,1.));
#853=DIRECTION('',(1.,0.,-0.));
#854=AXIS2_PLACEMENT_3D('',#851,#852,#853);
#855=CIRCLE('',#854,2.);
#856=EDGE_CURVE('',#841,#850,#855,.T.);
#857=ORIENTED_EDGE('',*,*,#856,.T.);
#858=CARTESIAN_POINT('',(22.67544468,38.5,-10.99));
#859=VERTEX_POINT('',#858);
#860=CARTESIAN_POINT('',(22.67544468,38.5,-10.99));
#861=DIRECTION('',(-1.,0.,0.));
#862=VECTOR('',#861,44.850889359);
#863=LINE('',#860,#862);
#864=EDGE_CURVE('',#859,#850,#863,.T.);
#865=ORIENTED_EDGE('',*,*,#864,.F.);
#866=CARTESIAN_POINT('',(23.825363829,38.863636364,-10.99));
#867=VERTEX_POINT('',#866);
#868=CARTESIAN_POINT('',(22.67544468,40.5,-10.99));
#869=DIRECTION('',(-0.,-0.,-1.));
#870=DIRECTION('',(1.,0.,-0.));
#871=AXIS2_PLACEMENT_3D('',#868,#869,#870);
#872=CIRCLE('',#871,2.);
#873=EDGE_CURVE('',#867,#859,#872,.T.);
#874=ORIENTED_EDGE('',*,*,#873,.F.);
#875=CARTESIAN_POINT('',(38.,31.5,-10.99));
#876=VERTEX_POINT('',#875);
#877=CARTESIAN_POINT('',(29.,31.5,-10.99));
#878=DIRECTION('',(0.,0.,1.));
#879=DIRECTION('',(1.,0.,-0.));
#880=AXIS2_PLACEMENT_3D('',#877,#878,#879);
#881=CIRCLE('',#880,9.);
#882=EDGE_CURVE('',#876,#867,#881,.T.);
#883=ORIENTED_EDGE('',*,*,#882,.F.);
#884=CARTESIAN_POINT('',(36.363636364,26.325363829,-10.99));
#885=VERTEX_POINT('',#884);
#886=CARTESIAN_POINT('',(29.,31.5,-10.99));
#887=DIRECTION('',(0.,0.,1.));
#888=DIRECTION('',(1.,0.,-0.));
#889=AXIS2_PLACEMENT_3D('',#886,#887,#888);
#890=CIRCLE('',#889,9.);
#891=EDGE_CURVE('',#885,#876,#890,.T.);
#892=ORIENTED_EDGE('',*,*,#891,.F.);
#893=CARTESIAN_POINT('',(36.,25.17544468,-10.99));
#894=VERTEX_POINT('',#893);
#895=CARTESIAN_POINT('',(38.,25.17544468,-10.99));
#896=DIRECTION('',(-0.,-0.,-1.));
#897=DIRECTION('',(1.,0.,-0.));
#898=AXIS2_PLACEMENT_3D('',#895,#896,#897);
#899=CIRCLE('',#898,2.);
#900=EDGE_CURVE('',#894,#885,#899,.T.);
#901=ORIENTED_EDGE('',*,*,#900,.F.);
#902=CARTESIAN_POINT('',(36.,-24.17544468,-10.99));
#903=VERTEX_POINT('',#902);
#904=CARTESIAN_POINT('',(36.,-24.17544468,-10.99));
#905=DIRECTION('',(0.,1.,0.));
#906=VECTOR('',#905,49.350889359);
#907=LINE('',#904,#906);
#908=EDGE_CURVE('',#903,#894,#907,.T.);
#909=ORIENTED_EDGE('',*,*,#908,.F.);
#910=CARTESIAN_POINT('',(36.363636364,-25.325363829,-10.99));
#911=VERTEX_POINT('',#910);
#912=CARTESIAN_POINT('',(38.,-24.17544468,-10.99));
#913=DIRECTION('',(-0.,-0.,-1.));
#914=DIRECTION('',(1.,0.,-0.));
#915=AXIS2_PLACEMENT_3D('',#912,#913,#914);
#916=CIRCLE('',#915,2.);
#917=EDGE_CURVE('',#911,#903,#916,.T.);
#918=ORIENTED_EDGE('',*,*,#917,.F.);
#919=CARTESIAN_POINT('',(38.,-30.5,-10.99));
#920=VERTEX_POINT('',#919);
#921=CARTESIAN_POINT('',(29.,-30.5,-10.99));
#922=DIRECTION('',(0.,0.,1.));
#923=DIRECTION('',(1.,0.,-0.));
#924=AXIS2_PLACEMENT_3D('',#921,#922,#923);
#925=CIRCLE('',#924,9.);
#926=EDGE_CURVE('',#920,#911,#925,.T.);
#927=ORIENTED_EDGE('',*,*,#926,.F.);
#928=CARTESIAN_POINT('',(23.825363829,-37.863636364,-10.99));
#929=VERTEX_POINT('',#928);
#930=CARTESIAN_POINT('',(29.,-30.5,-10.99));
#931=DIRECTION('',(0.,0.,1.));
#932=DIRECTION('',(1.,0.,-0.));
#933=AXIS2_PLACEMENT_3D('',#930,#931,#932);
#934=CIRCLE('',#933,9.);
#935=EDGE_CURVE('',#929,#920,#934,.T.);
#936=ORIENTED_EDGE('',*,*,#935,.F.);
#937=CARTESIAN_POINT('',(22.67544468,-37.5,-10.99));
#938=VERTEX_POINT('',#937);
#939=CARTESIAN_POINT('',(22.67544468,-39.5,-10.99));
#940=DIRECTION('',(0.,0.,1.));
#941=DIRECTION('',(1.,0.,-0.));
#942=AXIS2_PLACEMENT_3D('',#939,#940,#941);
#943=CIRCLE('',#942,2.);
#944=EDGE_CURVE('',#929,#938,#943,.T.);
#945=ORIENTED_EDGE('',*,*,#944,.T.);
#946=CARTESIAN_POINT('',(-22.17544468,-37.5,-10.99));
#947=VERTEX_POINT('',#946);
#948=CARTESIAN_POINT('',(22.67544468,-37.5,-10.99));
#949=DIRECTION('',(-1.,0.,0.));
#950=VECTOR('',#949,44.850889359);
#951=LINE('',#948,#950);
#952=EDGE_CURVE('',#938,#947,#951,.T.);
#953=ORIENTED_EDGE('',*,*,#952,.T.);
#954=CARTESIAN_POINT('',(-23.325363829,-37.863636364,-10.99));
#955=VERTEX_POINT('',#954);
#956=CARTESIAN_POINT('',(-22.17544468,-39.5,-10.99));
#957=DIRECTION('',(0.,0.,1.));
#958=DIRECTION('',(1.,0.,-0.));
#959=AXIS2_PLACEMENT_3D('',#956,#957,#958);
#960=CIRCLE('',#959,2.);
#961=EDGE_CURVE('',#947,#955,#960,.T.);
#962=ORIENTED_EDGE('',*,*,#961,.T.);
#963=CARTESIAN_POINT('',(-35.863636364,-25.325363829,-10.99));
#964=VERTEX_POINT('',#963);
#965=CARTESIAN_POINT('',(-28.5,-30.5,-10.99));
#966=DIRECTION('',(-0.,-0.,-1.));
#967=DIRECTION('',(1.,0.,-0.));
#968=AXIS2_PLACEMENT_3D('',#965,#966,#967);
#969=CIRCLE('',#968,9.);
#970=EDGE_CURVE('',#955,#964,#969,.T.);
#971=ORIENTED_EDGE('',*,*,#970,.T.);
#972=CARTESIAN_POINT('',(-35.5,-24.17544468,-10.99));
#973=VERTEX_POINT('',#972);
#974=CARTESIAN_POINT('',(-37.5,-24.17544468,-10.99));
#975=DIRECTION('',(0.,0.,1.));
#976=DIRECTION('',(1.,0.,-0.));
#977=AXIS2_PLACEMENT_3D('',#974,#975,#976);
#978=CIRCLE('',#977,2.);
#979=EDGE_CURVE('',#964,#973,#978,.T.);
#980=ORIENTED_EDGE('',*,*,#979,.T.);
#981=CARTESIAN_POINT('',(-35.5,25.17544468,-10.99));
#982=VERTEX_POINT('',#981);
#983=CARTESIAN_POINT('',(-35.5,-24.17544468,-10.99));
#984=DIRECTION('',(0.,1.,0.));
#985=VECTOR('',#984,49.350889359);
#986=LINE('',#983,#985);
#987=EDGE_CURVE('',#973,#982,#986,.T.);
#988=ORIENTED_EDGE('',*,*,#987,.T.);
#989=CARTESIAN_POINT('',(-37.5,25.17544468,-10.99));
#990=DIRECTION('',(0.,0.,1.));
#991=DIRECTION('',(1.,0.,-0.));
#992=AXIS2_PLACEMENT_3D('',#989,#990,#991);
#993=CIRCLE('',#992,2.);
#994=EDGE_CURVE('',#982,#839,#993,.T.);
#995=ORIENTED_EDGE('',*,*,#994,.T.);
#996=EDGE_LOOP('',(#848,#857,#865,#874,#883,#892,#901,#909,#918,#927,#936,#945,#953,#962,#971,#980,#988,#995));
#997=FACE_BOUND('',#996,.T.);
#998=CARTESIAN_POINT('',(34.,-30.5,-10.99));
#999=VERTEX_POINT('',#998);
#1000=CARTESIAN_POINT('',(24.,-30.5,-10.99));
#1001=VERTEX_POINT('',#1000);
#1002=CARTESIAN_POINT('',(29.,-30.5,-10.99));
#1003=DIRECTION('',(0.,0.,1.));
#1004=DIRECTION('',(1.,0.,-0.));
#1005=AXIS2_PLACEMENT_3D('',#1002,#1003,#1004);
#1006=CIRCLE('',#1005,5.);
#1007=EDGE_CURVE('',#999,#1001,#1006,.T.);
#1008=ORIENTED_EDGE('',*,*,#1007,.T.);
#1009=CARTESIAN_POINT('',(29.,-30.5,-10.99));
#1010=DIRECTION('',(0.,0.,1.));
#1011=DIRECTION('',(1.,0.,-0.));
#1012=AXIS2_PLACEMENT_3D('',#1009,#1010,#1011);
#1013=CIRCLE('',#1012,5.);
#1014=EDGE_CURVE('',#1001,#999,#1013,.T.);
#1015=ORIENTED_EDGE('',*,*,#1014,.T.);
#1016=EDGE_LOOP('',(#1008,#1015));
#1017=FACE_BOUND('',#1016,.T.);
#1018=CARTESIAN_POINT('',(-23.5,-30.5,-10.99));
#1019=VERTEX_POINT('',#1018);
#1020=CARTESIAN_POINT('',(-33.5,-30.5,-10.99));
#1021=VERTEX_POINT('',#1020);
#1022=CARTESIAN_POINT('',(-28.5,-30.5,-10.99));
#1023=DIRECTION('',(0.,0.,1.));
#1024=DIRECTION('',(1.,0.,-0.));
#1025=AXIS2_PLACEMENT_3D('',#1022,#1023,#1024);
#1026=CIRCLE('',#1025,5.);
#1027=EDGE_CURVE('',#1019,#1021,#1026,.T.);
#1028=ORIENTED_EDGE('',*,*,#1027,.T.);
#1029=CARTESIAN_POINT('',(-28.5,-30.5,-10.99));
#1030=DIRECTION('',(0.,0.,1.));
#1031=DIRECTION('',(1.,0.,-0.));
#1032=AXIS2_PLACEMENT_3D('',#1029,#1030,#1031);
#1033=CIRCLE('',#1032,5.);
#1034=EDGE_CURVE('',#1021,#1019,#1033,.T.);
#1035=ORIENTED_EDGE('',*,*,#1034,.T.);
#1036=EDGE_LOOP('',(#1028,#1035));
#1037=FACE_BOUND('',#1036,.T.);
#1038=CARTESIAN_POINT('',(34.,31.5,-10.99));
#1039=VERTEX_POINT('',#1038);
#1040=CARTESIAN_POINT('',(24.,31.5,-10.99));
#1041=VERTEX_POINT('',#1040);
#1042=CARTESIAN_POINT('',(29.,31.5,-10.99));
#1043=DIRECTION('',(0.,0.,1.));
#1044=DIRECTION('',(1.,0.,-0.));
#1045=AXIS2_PLACEMENT_3D('',#1042,#1043,#1044);
#1046=CIRCLE('',#1045,5.);
#1047=EDGE_CURVE('',#1039,#1041,#1046,.T.);
#1048=ORIENTED_EDGE('',*,*,#1047,.T.);
#1049=CARTESIAN_POINT('',(29.,31.5,-10.99));
#1050=DIRECTION('',(0.,0.,1.));
#1051=DIRECTION('',(1.,0.,-0.));
#1052=AXIS2_PLACEMENT_3D('',#1049,#1050,#1051);
#1053=CIRCLE('',#1052,5.);
#1054=EDGE_CURVE('',#1041,#1039,#1053,.T.);
#1055=ORIENTED_EDGE('',*,*,#1054,.T.);
#1056=EDGE_LOOP('',(#1048,#1055));
#1057=FACE_BOUND('',#1056,.T.);
#1058=CARTESIAN_POINT('',(-23.5,31.5,-10.99));
#1059=VERTEX_POINT('',#1058);
#1060=CARTESIAN_POINT('',(-33.5,31.5,-10.99));
#1061=VERTEX_POINT('',#1060);
#1062=CARTESIAN_POINT('',(-28.5,31.5,-10.99));
#1063=DIRECTION('',(0.,0.,1.));
#1064=DIRECTION('',(1.,0.,-0.));
#1065=AXIS2_PLACEMENT_3D('',#1062,#1063,#1064);
#1066=CIRCLE('',#1065,5.);
#1067=EDGE_CURVE('',#1059,#1061,#1066,.T.);
#1068=ORIENTED_EDGE('',*,*,#1067,.T.);
#1069=CARTESIAN_POINT('',(-28.5,31.5,-10.99));
#1070=DIRECTION('',(0.,0.,1.));
#1071=DIRECTION('',(1.,0.,-0.));
#1072=AXIS2_PLACEMENT_3D('',#1069,#1070,#1071);
#1073=CIRCLE('',#1072,5.);
#1074=EDGE_CURVE('',#1061,#1059,#1073,.T.);
#1075=ORIENTED_EDGE('',*,*,#1074,.T.);
#1076=EDGE_LOOP('',(#1068,#1075));
#1077=FACE_BOUND('',#1076,.T.);
#1078=ADVANCED_FACE('',(#539,#570,#837,#997,#1017,#1037,#1057,#1077),#469,.T.);
#1079=OVER_RIDING_STYLED_ITEM('',(#73),#1078,#26);
#1080=CARTESIAN_POINT('',(30.,-12.525334673,-8.99));
#1081=DIRECTION('',(-1.,-0.,0.));
#1082=DIRECTION('',(0.,-1.,0.));
#1083=AXIS2_PLACEMENT_3D('',#1080,#1081,#1082);
#1084=PLANE('',#1083);
#1085=CARTESIAN_POINT('',(30.,-12.780817117,-4.99));
#1086=VERTEX_POINT('',#1085);
#1087=CARTESIAN_POINT('',(30.,-21.55572809,-4.99));
#1088=VERTEX_POINT('',#1087);
#1089=CARTESIAN_POINT('',(30.,-12.780817117,-4.99));
#1090=DIRECTION('',(0.,-1.,0.));
#1091=VECTOR('',#1090,8.774910973);
#1092=LINE('',#1089,#1091);
#1093=EDGE_CURVE('',#1086,#1088,#1092,.T.);
#1094=ORIENTED_EDGE('',*,*,#1093,.F.);
#1095=CARTESIAN_POINT('',(30.,-12.780817117,-4.99));
#1096=DIRECTION('',(0.,0.,-1.));
#1097=VECTOR('',#1096,6.);
#1098=LINE('',#1095,#1097);
#1099=EDGE_CURVE('',#1086,#678,#1098,.T.);
#1100=ORIENTED_EDGE('',*,*,#1099,.T.);
#1101=ORIENTED_EDGE('',*,*,#683,.T.);
#1102=CARTESIAN_POINT('',(30.,-21.55572809,-10.99));
#1103=DIRECTION('',(0.,0.,1.));
#1104=VECTOR('',#1103,6.);
#1105=LINE('',#1102,#1104);
#1106=EDGE_CURVE('',#669,#1088,#1105,.T.);
#1107=ORIENTED_EDGE('',*,*,#1106,.T.);
#1108=EDGE_LOOP('',(#1094,#1100,#1101,#1107));
#1109=FACE_BOUND('',#1108,.T.);
#1110=ADVANCED_FACE('',(#1109),#1084,.T.);
#1111=CARTESIAN_POINT('',(30.,19.544549271,-8.99));
#1112=DIRECTION('',(1.,0.,0.));
#1113=DIRECTION('',(-0.,1.,0.));
#1114=AXIS2_PLACEMENT_3D('',#1111,#1112,#1113);
#1115=PLANE('',#1114);
#1116=CARTESIAN_POINT('',(30.,13.780817117,-4.99));
#1117=VERTEX_POINT('',#1116);
#1118=CARTESIAN_POINT('',(30.,13.780817117,-4.99));
#1119=DIRECTION('',(0.,0.,-1.));
#1120=VECTOR('',#1119,6.);
#1121=LINE('',#1118,#1120);
#1122=EDGE_CURVE('',#1117,#720,#1121,.T.);
#1123=ORIENTED_EDGE('',*,*,#1122,.F.);
#1124=CARTESIAN_POINT('',(30.,22.55572809,-4.99));
#1125=VERTEX_POINT('',#1124);
#1126=CARTESIAN_POINT('',(30.,13.780817117,-4.99));
#1127=DIRECTION('',(-0.,1.,0.));
#1128=VECTOR('',#1127,8.774910973);
#1129=LINE('',#1126,#1128);
#1130=EDGE_CURVE('',#1117,#1125,#1129,.T.);
#1131=ORIENTED_EDGE('',*,*,#1130,.T.);
#1132=CARTESIAN_POINT('',(30.,22.55572809,-10.99));
#1133=DIRECTION('',(0.,0.,1.));
#1134=VECTOR('',#1133,6.);
#1135=LINE('',#1132,#1134);
#1136=EDGE_CURVE('',#728,#1125,#1135,.T.);
#1137=ORIENTED_EDGE('',*,*,#1136,.F.);
#1138=ORIENTED_EDGE('',*,*,#733,.F.);
#1139=EDGE_LOOP('',(#1123,#1131,#1137,#1138));
#1140=FACE_BOUND('',#1139,.T.);
#1141=ADVANCED_FACE('',(#1140),#1115,.F.);
#1142=CARTESIAN_POINT('',(11.796572875,38.5,-8.99));
#1143=DIRECTION('',(0.,-1.,0.));
#1144=DIRECTION('',(0.,0.,-1.));
#1145=AXIS2_PLACEMENT_3D('',#1142,#1143,#1144);
#1146=PLANE('',#1145);
#1147=CARTESIAN_POINT('',(22.67544468,38.5,-5.99));
#1148=VERTEX_POINT('',#1147);
#1149=CARTESIAN_POINT('',(22.67544468,38.5,-5.99));
#1150=DIRECTION('',(-0.,-0.,-1.));
#1151=VECTOR('',#1150,5.);
#1152=LINE('',#1149,#1151);
#1153=EDGE_CURVE('',#1148,#859,#1152,.T.);
#1154=ORIENTED_EDGE('',*,*,#1153,.T.);
#1155=ORIENTED_EDGE('',*,*,#864,.T.);
#1156=CARTESIAN_POINT('',(-22.17544468,38.5,-5.99));
#1157=VERTEX_POINT('',#1156);
#1158=CARTESIAN_POINT('',(-22.17544468,38.5,-10.99));
#1159=DIRECTION('',(0.,0.,1.));
#1160=VECTOR('',#1159,5.);
#1161=LINE('',#1158,#1160);
#1162=EDGE_CURVE('',#850,#1157,#1161,.T.);
#1163=ORIENTED_EDGE('',*,*,#1162,.T.);
#1164=CARTESIAN_POINT('',(-9.164213562,38.5,-5.99));
#1165=VERTEX_POINT('',#1164);
#1166=CARTESIAN_POINT('',(-22.17544468,38.5,-5.99));
#1167=DIRECTION('',(1.,0.,-0.));
#1168=VECTOR('',#1167,13.011231117);
#1169=LINE('',#1166,#1168);
#1170=EDGE_CURVE('',#1157,#1165,#1169,.T.);
#1171=ORIENTED_EDGE('',*,*,#1170,.T.);
#1172=CARTESIAN_POINT('',(-6.664213562,38.5,-8.49));
#1173=VERTEX_POINT('',#1172);
#1174=CARTESIAN_POINT('',(-9.164213562,38.5,-5.99));
#1175=DIRECTION('',(0.707106781,0.,-0.707106781));
#1176=VECTOR('',#1175,3.535533906);
#1177=LINE('',#1174,#1176);
#1178=EDGE_CURVE('',#1165,#1173,#1177,.T.);
#1179=ORIENTED_EDGE('',*,*,#1178,.T.);
#1180=CARTESIAN_POINT('',(7.164213562,38.5,-8.49));
#1181=VERTEX_POINT('',#1180);
#1182=CARTESIAN_POINT('',(-6.664213562,38.5,-8.49));
#1183=DIRECTION('',(1.,0.,-0.));
#1184=VECTOR('',#1183,13.828427125);
#1185=LINE('',#1182,#1184);
#1186=EDGE_CURVE('',#1173,#1181,#1185,.T.);
#1187=ORIENTED_EDGE('',*,*,#1186,.T.);
#1188=CARTESIAN_POINT('',(9.664213562,38.5,-5.99));
#1189=VERTEX_POINT('',#1188);
#1190=CARTESIAN_POINT('',(7.164213562,38.5,-8.49));
#1191=DIRECTION('',(0.707106781,0.,0.707106781));
#1192=VECTOR('',#1191,3.535533906);
#1193=LINE('',#1190,#1192);
#1194=EDGE_CURVE('',#1181,#1189,#1193,.T.);
#1195=ORIENTED_EDGE('',*,*,#1194,.T.);
#1196=CARTESIAN_POINT('',(9.664213562,38.5,-5.99));
#1197=DIRECTION('',(1.,0.,-0.));
#1198=VECTOR('',#1197,13.011231117);
#1199=LINE('',#1196,#1198);
#1200=EDGE_CURVE('',#1189,#1148,#1199,.T.);
#1201=ORIENTED_EDGE('',*,*,#1200,.T.);
#1202=EDGE_LOOP('',(#1154,#1155,#1163,#1171,#1179,#1187,#1195,#1201));
#1203=FACE_BOUND('',#1202,.T.);
#1204=ADVANCED_FACE('',(#1203),#1146,.F.);
#1205=CARTESIAN_POINT('',(9.25,33.6,-4.99));
#1206=DIRECTION('',(-0.707106781,-0.,0.707106781));
#1207=DIRECTION('',(0.,-1.,-0.));
#1208=AXIS2_PLACEMENT_3D('',#1205,#1206,#1207);
#1209=PLANE('',#1208);
#1210=CARTESIAN_POINT('',(9.25,35.5,-4.99));
#1211=VERTEX_POINT('',#1210);
#1212=CARTESIAN_POINT('',(9.25,37.5,-4.99));
#1213=VERTEX_POINT('',#1212);
#1214=CARTESIAN_POINT('',(9.25,35.5,-4.99));
#1215=DIRECTION('',(0.,1.,0.));
#1216=VECTOR('',#1215,2.);
#1217=LINE('',#1214,#1216);
#1218=EDGE_CURVE('',#1211,#1213,#1217,.T.);
#1219=ORIENTED_EDGE('',*,*,#1218,.T.);
#1220=CARTESIAN_POINT('',(6.75,37.5,-7.49));
#1221=VERTEX_POINT('',#1220);
#1222=CARTESIAN_POINT('',(9.25,37.5,-4.99));
#1223=DIRECTION('',(-0.707106781,0.,-0.707106781));
#1224=VECTOR('',#1223,3.535533906);
#1225=LINE('',#1222,#1224);
#1226=EDGE_CURVE('',#1213,#1221,#1225,.T.);
#1227=ORIENTED_EDGE('',*,*,#1226,.T.);
#1228=CARTESIAN_POINT('',(6.75,35.5,-7.49));
#1229=VERTEX_POINT('',#1228);
#1230=CARTESIAN_POINT('',(6.75,37.5,-7.49));
#1231=DIRECTION('',(0.,-1.,-0.));
#1232=VECTOR('',#1231,2.);
#1233=LINE('',#1230,#1232);
#1234=EDGE_CURVE('',#1221,#1229,#1233,.T.);
#1235=ORIENTED_EDGE('',*,*,#1234,.T.);
#1236=CARTESIAN_POINT('',(9.25,35.5,-4.99));
#1237=DIRECTION('',(-0.707106781,0.,-0.707106781));
#1238=VECTOR('',#1237,3.535533906);
#1239=LINE('',#1236,#1238);
#1240=EDGE_CURVE('',#1211,#1229,#1239,.T.);
#1241=ORIENTED_EDGE('',*,*,#1240,.F.);
#1242=EDGE_LOOP('',(#1219,#1227,#1235,#1241));
#1243=FACE_BOUND('',#1242,.T.);
#1244=ADVANCED_FACE('',(#1243),#1209,.T.);
#1245=CARTESIAN_POINT('',(-73.,78.,-1.99));
#1246=DIRECTION('',(0.,0.,1.));
#1247=DIRECTION('',(1.,0.,0.));
#1248=AXIS2_PLACEMENT_3D('',#1245,#1246,#1247);
#1249=PLANE('',#1248);
#1250=CARTESIAN_POINT('',(-20.5,31.5,-1.99));
#1251=VERTEX_POINT('',#1250);
#1252=CARTESIAN_POINT('',(-28.5,31.5,-1.99));
#1253=DIRECTION('',(0.,0.,1.));
#1254=DIRECTION('',(1.,0.,-0.));
#1255=AXIS2_PLACEMENT_3D('',#1252,#1253,#1254);
#1256=CIRCLE('',#1255,8.);
#1257=EDGE_CURVE('',#1251,#1251,#1256,.T.);
#1258=ORIENTED_EDGE('',*,*,#1257,.T.);
#1259=EDGE_LOOP('',(#1258));
#1260=FACE_BOUND('',#1259,.T.);
#1261=CARTESIAN_POINT('',(-31.5,31.5,-1.99));
#1262=VERTEX_POINT('',#1261);
#1263=CARTESIAN_POINT('',(-25.5,31.5,-1.99));
#1264=VERTEX_POINT('',#1263);
#1265=CARTESIAN_POINT('',(-28.5,31.5,-1.99));
#1266=DIRECTION('',(0.,0.,1.));
#1267=DIRECTION('',(1.,0.,-0.));
#1268=AXIS2_PLACEMENT_3D('',#1265,#1266,#1267);
#1269=CIRCLE('',#1268,3.);
#1270=EDGE_CURVE('',#1262,#1264,#1269,.T.);
#1271=ORIENTED_EDGE('',*,*,#1270,.F.);
#1272=CARTESIAN_POINT('',(-28.5,31.5,-1.99));
#1273=DIRECTION('',(0.,0.,1.));
#1274=DIRECTION('',(1.,0.,-0.));
#1275=AXIS2_PLACEMENT_3D('',#1272,#1273,#1274);
#1276=CIRCLE('',#1275,3.);
#1277=EDGE_CURVE('',#1264,#1262,#1276,.T.);
#1278=ORIENTED_EDGE('',*,*,#1277,.F.);
#1279=EDGE_LOOP('',(#1271,#1278));
#1280=FACE_BOUND('',#1279,.T.);
#1281=ADVANCED_FACE('',(#1260,#1280),#1249,.T.);
#1282=CARTESIAN_POINT('',(-73.,78.,-1.99));
#1283=DIRECTION('',(0.,0.,1.));
#1284=DIRECTION('',(1.,0.,0.));
#1285=AXIS2_PLACEMENT_3D('',#1282,#1283,#1284);
#1286=PLANE('',#1285);
#1287=CARTESIAN_POINT('',(-20.5,-30.5,-1.99));
#1288=VERTEX_POINT('',#1287);
#1289=CARTESIAN_POINT('',(-28.5,-30.5,-1.99));
#1290=DIRECTION('',(0.,0.,1.));
#1291=DIRECTION('',(1.,0.,-0.));
#1292=AXIS2_PLACEMENT_3D('',#1289,#1290,#1291);
#1293=CIRCLE('',#1292,8.);
#1294=EDGE_CURVE('',#1288,#1288,#1293,.T.);
#1295=ORIENTED_EDGE('',*,*,#1294,.T.);
#1296=EDGE_LOOP('',(#1295));
#1297=FACE_BOUND('',#1296,.T.);
#1298=CARTESIAN_POINT('',(-31.5,-30.5,-1.99));
#1299=VERTEX_POINT('',#1298);
#1300=CARTESIAN_POINT('',(-25.5,-30.5,-1.99));
#1301=VERTEX_POINT('',#1300);
#1302=CARTESIAN_POINT('',(-28.5,-30.5,-1.99));
#1303=DIRECTION('',(0.,0.,1.));
#1304=DIRECTION('',(1.,0.,-0.));
#1305=AXIS2_PLACEMENT_3D('',#1302,#1303,#1304);
#1306=CIRCLE('',#1305,3.);
#1307=EDGE_CURVE('',#1299,#1301,#1306,.T.);
#1308=ORIENTED_EDGE('',*,*,#1307,.F.);
#1309=CARTESIAN_POINT('',(-28.5,-30.5,-1.99));
#1310=DIRECTION('',(0.,0.,1.));
#1311=DIRECTION('',(1.,0.,-0.));
#1312=AXIS2_PLACEMENT_3D('',#1309,#1310,#1311);
#1313=CIRCLE('',#1312,3.);
#1314=EDGE_CURVE('',#1301,#1299,#1313,.T.);
#1315=ORIENTED_EDGE('',*,*,#1314,.F.);
#1316=EDGE_LOOP('',(#1308,#1315));
#1317=FACE_BOUND('',#1316,.T.);
#1318=ADVANCED_FACE('',(#1297,#1317),#1286,.T.);
#1319=CARTESIAN_POINT('',(-32.5,-3.25,-8.99));
#1320=DIRECTION('',(-1.,0.,0.));
#1321=DIRECTION('',(0.,0.,1.));
#1322=AXIS2_PLACEMENT_3D('',#1319,#1320,#1321);
#1323=PLANE('',#1322);
#1324=ORIENTED_EDGE('',*,*,#556,.F.);
#1325=CARTESIAN_POINT('',(-32.5,10.890090867,-10.99));
#1326=DIRECTION('',(-0.,-0.,1.));
#1327=VECTOR('',#1326,6.);
#1328=LINE('',#1325,#1327);
#1329=EDGE_CURVE('',#542,#396,#1328,.T.);
#1330=ORIENTED_EDGE('',*,*,#1329,.T.);
#1331=ORIENTED_EDGE('',*,*,#401,.T.);
#1332=CARTESIAN_POINT('',(-32.5,-9.890090867,-4.99));
#1333=DIRECTION('',(0.,0.,-1.));
#1334=VECTOR('',#1333,6.);
#1335=LINE('',#1332,#1334);
#1336=EDGE_CURVE('',#387,#551,#1335,.T.);
#1337=ORIENTED_EDGE('',*,*,#1336,.T.);
#1338=EDGE_LOOP('',(#1324,#1330,#1331,#1337));
#1339=FACE_BOUND('',#1338,.T.);
#1340=ADVANCED_FACE('',(#1339),#1323,.F.);
#1341=CARTESIAN_POINT('',(-73.,78.,-1.99));
#1342=DIRECTION('',(0.,0.,1.));
#1343=DIRECTION('',(1.,0.,0.));
#1344=AXIS2_PLACEMENT_3D('',#1341,#1342,#1343);
#1345=PLANE('',#1344);
#1346=CARTESIAN_POINT('',(37.,31.5,-1.99));
#1347=VERTEX_POINT('',#1346);
#1348=CARTESIAN_POINT('',(29.,31.5,-1.99));
#1349=DIRECTION('',(0.,0.,1.));
#1350=DIRECTION('',(1.,0.,-0.));
#1351=AXIS2_PLACEMENT_3D('',#1348,#1349,#1350);
#1352=CIRCLE('',#1351,8.);
#1353=EDGE_CURVE('',#1347,#1347,#1352,.T.);
#1354=ORIENTED_EDGE('',*,*,#1353,.T.);
#1355=EDGE_LOOP('',(#1354));
#1356=FACE_BOUND('',#1355,.T.);
#1357=CARTESIAN_POINT('',(26.,31.5,-1.99));
#1358=VERTEX_POINT('',#1357);
#1359=CARTESIAN_POINT('',(32.,31.5,-1.99));
#1360=VERTEX_POINT('',#1359);
#1361=CARTESIAN_POINT('',(29.,31.5,-1.99));
#1362=DIRECTION('',(0.,0.,1.));
#1363=DIRECTION('',(1.,0.,-0.));
#1364=AXIS2_PLACEMENT_3D('',#1361,#1362,#1363);
#1365=CIRCLE('',#1364,3.);
#1366=EDGE_CURVE('',#1358,#1360,#1365,.T.);
#1367=ORIENTED_EDGE('',*,*,#1366,.F.);
#1368=CARTESIAN_POINT('',(29.,31.5,-1.99));
#1369=DIRECTION('',(0.,0.,1.));
#1370=DIRECTION('',(1.,0.,-0.));
#1371=AXIS2_PLACEMENT_3D('',#1368,#1369,#1370);
#1372=CIRCLE('',#1371,3.);
#1373=EDGE_CURVE('',#1360,#1358,#1372,.T.);
#1374=ORIENTED_EDGE('',*,*,#1373,.F.);
#1375=EDGE_LOOP('',(#1367,#1374));
#1376=FACE_BOUND('',#1375,.T.);
#1377=ADVANCED_FACE('',(#1356,#1376),#1345,.T.);
#1378=CARTESIAN_POINT('',(-73.,78.,-1.99));
#1379=DIRECTION('',(0.,0.,1.));
#1380=DIRECTION('',(1.,0.,0.));
#1381=AXIS2_PLACEMENT_3D('',#1378,#1379,#1380);
#1382=PLANE('',#1381);
#1383=CARTESIAN_POINT('',(37.,-30.5,-1.99));
#1384=VERTEX_POINT('',#1383);
#1385=CARTESIAN_POINT('',(29.,-30.5,-1.99));
#1386=DIRECTION('',(0.,0.,1.));
#1387=DIRECTION('',(1.,0.,-0.));
#1388=AXIS2_PLACEMENT_3D('',#1385,#1386,#1387);
#1389=CIRCLE('',#1388,8.);
#1390=EDGE_CURVE('',#1384,#1384,#1389,.T.);
#1391=ORIENTED_EDGE('',*,*,#1390,.T.);
#1392=EDGE_LOOP('',(#1391));
#1393=FACE_BOUND('',#1392,.T.);
#1394=CARTESIAN_POINT('',(26.,-30.5,-1.99));
#1395=VERTEX_POINT('',#1394);
#1396=CARTESIAN_POINT('',(32.,-30.5,-1.99));
#1397=VERTEX_POINT('',#1396);
#1398=CARTESIAN_POINT('',(29.,-30.5,-1.99));
#1399=DIRECTION('',(0.,0.,1.));
#1400=DIRECTION('',(1.,0.,-0.));
#1401=AXIS2_PLACEMENT_3D('',#1398,#1399,#1400);
#1402=CIRCLE('',#1401,3.);
#1403=EDGE_CURVE('',#1395,#1397,#1402,.T.);
#1404=ORIENTED_EDGE('',*,*,#1403,.F.);
#1405=CARTESIAN_POINT('',(29.,-30.5,-1.99));
#1406=DIRECTION('',(0.,0.,1.));
#1407=DIRECTION('',(1.,0.,-0.));
#1408=AXIS2_PLACEMENT_3D('',#1405,#1406,#1407);
#1409=CIRCLE('',#1408,3.);
#1410=EDGE_CURVE('',#1397,#1395,#1409,.T.);
#1411=ORIENTED_EDGE('',*,*,#1410,.F.);
#1412=EDGE_LOOP('',(#1404,#1411));
#1413=FACE_BOUND('',#1412,.T.);
#1414=ADVANCED_FACE('',(#1393,#1413),#1382,.T.);
#1415=CARTESIAN_POINT('',(33.,4.25,-8.99));
#1416=DIRECTION('',(1.,0.,0.));
#1417=DIRECTION('',(0.,0.,-1.));
#1418=AXIS2_PLACEMENT_3D('',#1415,#1416,#1417);
#1419=PLANE('',#1418);
#1420=ORIENTED_EDGE('',*,*,#495,.F.);
#1421=CARTESIAN_POINT('',(33.,-9.890090867,-4.99));
#1422=VERTEX_POINT('',#1421);
#1423=CARTESIAN_POINT('',(33.,-9.890090867,-10.99));
#1424=DIRECTION('',(0.,0.,1.));
#1425=VECTOR('',#1424,6.);
#1426=LINE('',#1423,#1425);
#1427=EDGE_CURVE('',#481,#1422,#1426,.T.);
#1428=ORIENTED_EDGE('',*,*,#1427,.T.);
#1429=CARTESIAN_POINT('',(33.,10.890090867,-4.99));
#1430=VERTEX_POINT('',#1429);
#1431=CARTESIAN_POINT('',(33.,-9.890090867,-4.99));
#1432=DIRECTION('',(0.,1.,0.));
#1433=VECTOR('',#1432,20.780181733);
#1434=LINE('',#1431,#1433);
#1435=EDGE_CURVE('',#1422,#1430,#1434,.T.);
#1436=ORIENTED_EDGE('',*,*,#1435,.T.);
#1437=CARTESIAN_POINT('',(33.,10.890090867,-4.99));
#1438=DIRECTION('',(-0.,-0.,-1.));
#1439=VECTOR('',#1438,6.);
#1440=LINE('',#1437,#1439);
#1441=EDGE_CURVE('',#1430,#490,#1440,.T.);
#1442=ORIENTED_EDGE('',*,*,#1441,.T.);
#1443=EDGE_LOOP('',(#1420,#1428,#1436,#1442));
#1444=FACE_BOUND('',#1443,.T.);
#1445=ADVANCED_FACE('',(#1444),#1419,.F.);
#1446=CARTESIAN_POINT('',(6.706669796,-33.,-8.99));
#1447=DIRECTION('',(0.766044443,-0.64278761,0.));
#1448=DIRECTION('',(0.64278761,0.766044443,0.));
#1449=AXIS2_PLACEMENT_3D('',#1446,#1447,#1448);
#1450=PLANE('',#1449);
#1451=CARTESIAN_POINT('',(6.047493919,-33.785575219,-4.99));
#1452=VERTEX_POINT('',#1451);
#1453=CARTESIAN_POINT('',(7.965319242,-31.5,-4.99));
#1454=VERTEX_POINT('',#1453);
#1455=CARTESIAN_POINT('',(6.047493919,-33.785575219,-4.99));
#1456=DIRECTION('',(0.64278761,0.766044443,0.));
#1457=VECTOR('',#1456,2.983606552);
#1458=LINE('',#1455,#1457);
#1459=EDGE_CURVE('',#1452,#1454,#1458,.T.);
#1460=ORIENTED_EDGE('',*,*,#1459,.T.);
#1461=CARTESIAN_POINT('',(7.965319242,-31.5,-4.99));
#1462=DIRECTION('',(0.,0.,-1.));
#1463=VECTOR('',#1462,6.);
#1464=LINE('',#1461,#1463);
#1465=EDGE_CURVE('',#1454,#653,#1464,.T.);
#1466=ORIENTED_EDGE('',*,*,#1465,.T.);
#1467=ORIENTED_EDGE('',*,*,#658,.F.);
#1468=CARTESIAN_POINT('',(6.047493919,-33.785575219,-10.99));
#1469=DIRECTION('',(0.,0.,1.));
#1470=VECTOR('',#1469,6.);
#1471=LINE('',#1468,#1470);
#1472=EDGE_CURVE('',#644,#1452,#1471,.T.);
#1473=ORIENTED_EDGE('',*,*,#1472,.T.);
#1474=EDGE_LOOP('',(#1460,#1466,#1467,#1473));
#1475=FACE_BOUND('',#1474,.T.);
#1476=ADVANCED_FACE('',(#1475),#1450,.F.);
#1477=CARTESIAN_POINT('',(2.849010174,-34.5,-8.99));
#1478=DIRECTION('',(0.,1.,0.));
#1479=DIRECTION('',(0.,0.,1.));
#1480=AXIS2_PLACEMENT_3D('',#1477,#1478,#1479);
#1481=PLANE('',#1480);
#1482=CARTESIAN_POINT('',(-4.015405032,-34.5,-4.99));
#1483=VERTEX_POINT('',#1482);
#1484=CARTESIAN_POINT('',(-4.015405032,-34.5,-10.99));
#1485=DIRECTION('',(0.,0.,1.));
#1486=VECTOR('',#1485,6.);
#1487=LINE('',#1484,#1486);
#1488=EDGE_CURVE('',#627,#1483,#1487,.T.);
#1489=ORIENTED_EDGE('',*,*,#1488,.T.);
#1490=CARTESIAN_POINT('',(4.515405032,-34.5,-4.99));
#1491=VERTEX_POINT('',#1490);
#1492=CARTESIAN_POINT('',(4.515405032,-34.5,-4.99));
#1493=DIRECTION('',(-1.,0.,0.));
#1494=VECTOR('',#1493,8.530810065);
#1495=LINE('',#1492,#1494);
#1496=EDGE_CURVE('',#1491,#1483,#1495,.T.);
#1497=ORIENTED_EDGE('',*,*,#1496,.F.);
#1498=CARTESIAN_POINT('',(4.515405032,-34.5,-4.99));
#1499=DIRECTION('',(-0.,-0.,-1.));
#1500=VECTOR('',#1499,6.);
#1501=LINE('',#1498,#1500);
#1502=EDGE_CURVE('',#1491,#636,#1501,.T.);
#1503=ORIENTED_EDGE('',*,*,#1502,.T.);
#1504=ORIENTED_EDGE('',*,*,#641,.T.);
#1505=EDGE_LOOP('',(#1489,#1497,#1503,#1504));
#1506=FACE_BOUND('',#1505,.T.);
#1507=ADVANCED_FACE('',(#1506),#1481,.T.);
#1508=CARTESIAN_POINT('',(-6.206669796,-33.,-8.99));
#1509=DIRECTION('',(0.766044443,0.64278761,0.));
#1510=DIRECTION('',(-0.64278761,0.766044443,0.));
#1511=AXIS2_PLACEMENT_3D('',#1508,#1509,#1510);
#1512=PLANE('',#1511);
#1513=CARTESIAN_POINT('',(-7.465319242,-31.5,-4.99));
#1514=VERTEX_POINT('',#1513);
#1515=CARTESIAN_POINT('',(-7.465319242,-31.5,-4.99));
#1516=DIRECTION('',(0.,0.,-1.));
#1517=VECTOR('',#1516,6.);
#1518=LINE('',#1515,#1517);
#1519=EDGE_CURVE('',#1514,#611,#1518,.T.);
#1520=ORIENTED_EDGE('',*,*,#1519,.F.);
#1521=CARTESIAN_POINT('',(-5.547493919,-33.785575219,-4.99));
#1522=VERTEX_POINT('',#1521);
#1523=CARTESIAN_POINT('',(-5.547493919,-33.785575219,-4.99));
#1524=DIRECTION('',(-0.64278761,0.766044443,0.));
#1525=VECTOR('',#1524,2.983606552);
#1526=LINE('',#1523,#1525);
#1527=EDGE_CURVE('',#1522,#1514,#1526,.T.);
#1528=ORIENTED_EDGE('',*,*,#1527,.F.);
#1529=CARTESIAN_POINT('',(-5.547493919,-33.785575219,-4.99));
#1530=DIRECTION('',(-0.,-0.,-1.));
#1531=VECTOR('',#1530,6.);
#1532=LINE('',#1529,#1531);
#1533=EDGE_CURVE('',#1522,#619,#1532,.T.);
#1534=ORIENTED_EDGE('',*,*,#1533,.T.);
#1535=ORIENTED_EDGE('',*,*,#624,.T.);
#1536=EDGE_LOOP('',(#1520,#1528,#1534,#1535));
#1537=FACE_BOUND('',#1536,.T.);
#1538=ADVANCED_FACE('',(#1537),#1512,.T.);
#1539=CARTESIAN_POINT('',(-4.015405032,-32.5,-8.99));
#1540=DIRECTION('',(0.,0.,-1.));
#1541=DIRECTION('',(-1.,0.,0.));
#1542=AXIS2_PLACEMENT_3D('',#1539,#1540,#1541);
#1543=CYLINDRICAL_SURFACE('',#1542,2.);
#1544=CARTESIAN_POINT('',(-4.015405032,-32.5,-4.99));
#1545=DIRECTION('',(0.,0.,-1.));
#1546=DIRECTION('',(1.,0.,0.));
#1547=AXIS2_PLACEMENT_3D('',#1544,#1545,#1546);
#1548=CIRCLE('',#1547,2.);
#1549=EDGE_CURVE('',#1483,#1522,#1548,.T.);
#1550=ORIENTED_EDGE('',*,*,#1549,.F.);
#1551=ORIENTED_EDGE('',*,*,#1488,.F.);
#1552=ORIENTED_EDGE('',*,*,#633,.F.);
#1553=ORIENTED_EDGE('',*,*,#1533,.F.);
#1554=EDGE_LOOP('',(#1550,#1551,#1552,#1553));
#1555=FACE_BOUND('',#1554,.T.);
#1556=ADVANCED_FACE('',(#1555),#1543,.F.);
#1557=CARTESIAN_POINT('',(4.515405032,-32.5,-8.99));
#1558=DIRECTION('',(0.,0.,1.));
#1559=DIRECTION('',(1.,0.,-0.));
#1560=AXIS2_PLACEMENT_3D('',#1557,#1558,#1559);
#1561=CYLINDRICAL_SURFACE('',#1560,2.);
#1562=CARTESIAN_POINT('',(4.515405032,-32.5,-4.99));
#1563=DIRECTION('',(0.,0.,-1.));
#1564=DIRECTION('',(1.,0.,0.));
#1565=AXIS2_PLACEMENT_3D('',#1562,#1563,#1564);
#1566=CIRCLE('',#1565,2.);
#1567=EDGE_CURVE('',#1452,#1491,#1566,.T.);
#1568=ORIENTED_EDGE('',*,*,#1567,.F.);
#1569=ORIENTED_EDGE('',*,*,#1472,.F.);
#1570=ORIENTED_EDGE('',*,*,#650,.F.);
#1571=ORIENTED_EDGE('',*,*,#1502,.F.);
#1572=EDGE_LOOP('',(#1568,#1569,#1570,#1571));
#1573=FACE_BOUND('',#1572,.T.);
#1574=ADVANCED_FACE('',(#1573),#1561,.F.);
#1575=CARTESIAN_POINT('',(-10.015405032,33.5,-8.99));
#1576=DIRECTION('',(0.,0.,1.));
#1577=DIRECTION('',(1.,0.,-0.));
#1578=AXIS2_PLACEMENT_3D('',#1575,#1576,#1577);
#1579=CYLINDRICAL_SURFACE('',#1578,2.);
#1580=CARTESIAN_POINT('',(-10.015405032,35.5,-4.99));
#1581=VERTEX_POINT('',#1580);
#1582=CARTESIAN_POINT('',(-10.015405032,35.5,-4.99));
#1583=DIRECTION('',(-0.,-0.,-1.));
#1584=VECTOR('',#1583,6.);
#1585=LINE('',#1582,#1584);
#1586=EDGE_CURVE('',#1581,#779,#1585,.T.);
#1587=ORIENTED_EDGE('',*,*,#1586,.F.);
#1588=CARTESIAN_POINT('',(-11.547493919,34.785575219,-4.99));
#1589=VERTEX_POINT('',#1588);
#1590=CARTESIAN_POINT('',(-10.015405032,33.5,-4.99));
#1591=DIRECTION('',(0.,0.,-1.));
#1592=DIRECTION('',(1.,0.,0.));
#1593=AXIS2_PLACEMENT_3D('',#1590,#1591,#1592);
#1594=CIRCLE('',#1593,2.);
#1595=EDGE_CURVE('',#1589,#1581,#1594,.T.);
#1596=ORIENTED_EDGE('',*,*,#1595,.F.);
#1597=CARTESIAN_POINT('',(-11.547493919,34.785575219,-10.99));
#1598=DIRECTION('',(0.,0.,1.));
#1599=VECTOR('',#1598,6.);
#1600=LINE('',#1597,#1599);
#1601=EDGE_CURVE('',#787,#1589,#1600,.T.);
#1602=ORIENTED_EDGE('',*,*,#1601,.F.);
#1603=ORIENTED_EDGE('',*,*,#793,.F.);
#1604=EDGE_LOOP('',(#1587,#1596,#1602,#1603));
#1605=FACE_BOUND('',#1604,.T.);
#1606=ADVANCED_FACE('',(#1605),#1579,.F.);
#1607=CARTESIAN_POINT('',(-2.349010174,35.5,-8.99));
#1608=DIRECTION('',(0.,-1.,0.));
#1609=DIRECTION('',(0.,0.,-1.));
#1610=AXIS2_PLACEMENT_3D('',#1607,#1608,#1609);
#1611=PLANE('',#1610);
#1612=CARTESIAN_POINT('',(10.515405032,35.5,-4.99));
#1613=VERTEX_POINT('',#1612);
#1614=CARTESIAN_POINT('',(9.25,35.5,-4.99));
#1615=DIRECTION('',(1.,0.,-0.));
#1616=VECTOR('',#1615,1.265405032);
#1617=LINE('',#1614,#1616);
#1618=EDGE_CURVE('',#1211,#1613,#1617,.T.);
#1619=ORIENTED_EDGE('',*,*,#1618,.F.);
#1620=ORIENTED_EDGE('',*,*,#1240,.T.);
#1621=CARTESIAN_POINT('',(-6.25,35.5,-7.49));
#1622=VERTEX_POINT('',#1621);
#1623=CARTESIAN_POINT('',(-6.25,35.5,-7.49));
#1624=DIRECTION('',(1.,0.,-0.));
#1625=VECTOR('',#1624,13.);
#1626=LINE('',#1623,#1625);
#1627=EDGE_CURVE('',#1622,#1229,#1626,.T.);
#1628=ORIENTED_EDGE('',*,*,#1627,.F.);
#1629=CARTESIAN_POINT('',(-8.75,35.5,-4.99));
#1630=VERTEX_POINT('',#1629);
#1631=CARTESIAN_POINT('',(-6.25,35.5,-7.49));
#1632=DIRECTION('',(-0.707106781,0.,0.707106781));
#1633=VECTOR('',#1632,3.535533906);
#1634=LINE('',#1631,#1633);
#1635=EDGE_CURVE('',#1622,#1630,#1634,.T.);
#1636=ORIENTED_EDGE('',*,*,#1635,.T.);
#1637=CARTESIAN_POINT('',(-10.015405032,35.5,-4.99));
#1638=DIRECTION('',(1.,0.,-0.));
#1639=VECTOR('',#1638,1.265405032);
#1640=LINE('',#1637,#1639);
#1641=EDGE_CURVE('',#1581,#1630,#1640,.T.);
#1642=ORIENTED_EDGE('',*,*,#1641,.F.);
#1643=ORIENTED_EDGE('',*,*,#1586,.T.);
#1644=ORIENTED_EDGE('',*,*,#784,.T.);
#1645=CARTESIAN_POINT('',(10.515405032,35.5,-10.99));
#1646=DIRECTION('',(0.,0.,1.));
#1647=VECTOR('',#1646,6.);
#1648=LINE('',#1645,#1647);
#1649=EDGE_CURVE('',#770,#1613,#1648,.T.);
#1650=ORIENTED_EDGE('',*,*,#1649,.T.);
#1651=EDGE_LOOP('',(#1619,#1620,#1628,#1636,#1642,#1643,#1644,#1650));
#1652=FACE_BOUND('',#1651,.T.);
#1653=ADVANCED_FACE('',(#1652),#1611,.T.);
#1654=CARTESIAN_POINT('',(36.,-12.171572875,-8.99));
#1655=DIRECTION('',(-1.,0.,0.));
#1656=DIRECTION('',(0.,0.,1.));
#1657=AXIS2_PLACEMENT_3D('',#1654,#1655,#1656);
#1658=PLANE('',#1657);
#1659=CARTESIAN_POINT('',(36.,-24.17544468,-5.99));
#1660=VERTEX_POINT('',#1659);
#1661=CARTESIAN_POINT('',(36.,-24.17544468,-5.99));
#1662=DIRECTION('',(-0.,-0.,-1.));
#1663=VECTOR('',#1662,5.);
#1664=LINE('',#1661,#1663);
#1665=EDGE_CURVE('',#1660,#903,#1664,.T.);
#1666=ORIENTED_EDGE('',*,*,#1665,.T.);
#1667=ORIENTED_EDGE('',*,*,#908,.T.);
#1668=CARTESIAN_POINT('',(36.,25.17544468,-5.99));
#1669=VERTEX_POINT('',#1668);
#1670=CARTESIAN_POINT('',(36.,25.17544468,-10.99));
#1671=DIRECTION('',(0.,0.,1.));
#1672=VECTOR('',#1671,5.);
#1673=LINE('',#1670,#1672);
#1674=EDGE_CURVE('',#894,#1669,#1673,.T.);
#1675=ORIENTED_EDGE('',*,*,#1674,.T.);
#1676=CARTESIAN_POINT('',(36.,25.17544468,-5.99));
#1677=DIRECTION('',(0.,-1.,0.));
#1678=VECTOR('',#1677,49.350889359);
#1679=LINE('',#1676,#1678);
#1680=EDGE_CURVE('',#1669,#1660,#1679,.T.);
#1681=ORIENTED_EDGE('',*,*,#1680,.T.);
#1682=EDGE_LOOP('',(#1666,#1667,#1675,#1681));
#1683=FACE_BOUND('',#1682,.T.);
#1684=ADVANCED_FACE('',(#1683),#1658,.F.);
#1685=CARTESIAN_POINT('',(29.,31.5,-8.99));
#1686=DIRECTION('',(0.,0.,1.));
#1687=DIRECTION('',(1.,0.,-0.));
#1688=AXIS2_PLACEMENT_3D('',#1685,#1686,#1687);
#1689=CYLINDRICAL_SURFACE('',#1688,9.);
#1690=CARTESIAN_POINT('',(38.,31.5,-2.99));
#1691=VERTEX_POINT('',#1690);
#1692=CARTESIAN_POINT('',(38.,31.5,-2.99));
#1693=DIRECTION('',(-0.,-0.,-1.));
#1694=VECTOR('',#1693,8.);
#1695=LINE('',#1692,#1694);
#1696=EDGE_CURVE('',#1691,#876,#1695,.T.);
#1697=ORIENTED_EDGE('',*,*,#1696,.T.);
#1698=ORIENTED_EDGE('',*,*,#882,.T.);
#1699=CARTESIAN_POINT('',(23.825363829,38.863636364,-5.99));
#1700=VERTEX_POINT('',#1699);
#1701=CARTESIAN_POINT('',(23.825363829,38.863636364,-10.99));
#1702=DIRECTION('',(0.,0.,1.));
#1703=VECTOR('',#1702,5.);
#1704=LINE('',#1701,#1703);
#1705=EDGE_CURVE('',#867,#1700,#1704,.T.);
#1706=ORIENTED_EDGE('',*,*,#1705,.T.);
#1707=CARTESIAN_POINT('',(22.67544468,37.903124237,-5.074854739));
#1708=VERTEX_POINT('',#1707);
#1709=CARTESIAN_POINT('',(23.825363829,38.863636364,-5.99));
#1710=CARTESIAN_POINT('',(23.635126582,38.729951253,-5.80823774));
#1711=CARTESIAN_POINT('',(23.449997165,38.589323674,-5.626284701));
#1712=CARTESIAN_POINT('',(23.259708498,38.431742456,-5.464513059));
#1713=CARTESIAN_POINT('',(23.069419832,38.274161238,-5.302741418));
#1714=CARTESIAN_POINT('',(22.877264266,38.102467416,-5.162666008));
#1715=CARTESIAN_POINT('',(22.67544468,37.903124237,-5.074854739));
#1716=B_SPLINE_CURVE_WITH_KNOTS('',3,(#1709,#1710,#1711,#1712,#1713,#1714,#1715),.UNSPECIFIED.,.F.,.F.,(4,3,4),(0.,0.000878997,0.001757994),.UNSPECIFIED.);
#1717=EDGE_CURVE('',#1700,#1708,#1716,.T.);
#1718=ORIENTED_EDGE('',*,*,#1717,.T.);
#1719=CARTESIAN_POINT('',(22.291796067,37.5,-4.99));
#1720=VERTEX_POINT('',#1719);
#1721=CARTESIAN_POINT('',(22.67544468,37.903124237,-5.074854739));
#1722=CARTESIAN_POINT('',(22.546729177,37.775988126,-5.018850891));
#1723=CARTESIAN_POINT('',(22.418700999,37.641884026,-4.99));
#1724=CARTESIAN_POINT('',(22.291796067,37.5,-4.99));
#1725=B_SPLINE_CURVE_WITH_KNOTS('',3,(#1721,#1722,#1723,#1724),.UNSPECIFIED.,.F.,.F.,(4,4),(0.,0.000562869),.UNSPECIFIED.);
#1726=EDGE_CURVE('',#1708,#1720,#1725,.T.);
#1727=ORIENTED_EDGE('',*,*,#1726,.T.);
#1728=CARTESIAN_POINT('',(20.05572809,32.5,-4.99));
#1729=VERTEX_POINT('',#1728);
#1730=CARTESIAN_POINT('',(29.,31.5,-4.99));
#1731=DIRECTION('',(0.,0.,1.));
#1732=DIRECTION('',(1.,0.,-0.));
#1733=AXIS2_PLACEMENT_3D('',#1730,#1731,#1732);
#1734=CIRCLE('',#1733,9.);
#1735=EDGE_CURVE('',#1720,#1729,#1734,.T.);
#1736=ORIENTED_EDGE('',*,*,#1735,.T.);
#1737=CARTESIAN_POINT('',(20.05572809,32.5,-10.99));
#1738=DIRECTION('',(0.,0.,1.));
#1739=VECTOR('',#1738,6.);
#1740=LINE('',#1737,#1739);
#1741=EDGE_CURVE('',#736,#1729,#1740,.T.);
#1742=ORIENTED_EDGE('',*,*,#1741,.F.);
#1743=ORIENTED_EDGE('',*,*,#742,.T.);
#1744=ORIENTED_EDGE('',*,*,#1136,.T.);
#1745=CARTESIAN_POINT('',(35.,24.791796068,-4.99));
#1746=VERTEX_POINT('',#1745);
#1747=CARTESIAN_POINT('',(29.,31.5,-4.99));
#1748=DIRECTION('',(0.,0.,1.));
#1749=DIRECTION('',(1.,0.,-0.));
#1750=AXIS2_PLACEMENT_3D('',#1747,#1748,#1749);
#1751=CIRCLE('',#1750,9.);
#1752=EDGE_CURVE('',#1125,#1746,#1751,.T.);
#1753=ORIENTED_EDGE('',*,*,#1752,.T.);
#1754=CARTESIAN_POINT('',(35.403124237,25.17544468,-5.074854739));
#1755=VERTEX_POINT('',#1754);
#1756=CARTESIAN_POINT('',(35.,24.791796068,-4.99));
#1757=CARTESIAN_POINT('',(35.141884026,24.918700999,-4.99));
#1758=CARTESIAN_POINT('',(35.275988126,25.046729177,-5.018850891));
#1759=CARTESIAN_POINT('',(35.403124237,25.17544468,-5.074854739));
#1760=B_SPLINE_CURVE_WITH_KNOTS('',3,(#1756,#1757,#1758,#1759),.UNSPECIFIED.,.F.,.F.,(4,4),(0.,0.000562869),.UNSPECIFIED.);
#1761=EDGE_CURVE('',#1746,#1755,#1760,.T.);
#1762=ORIENTED_EDGE('',*,*,#1761,.T.);
#1763=CARTESIAN_POINT('',(36.363636364,26.325363829,-5.99));
#1764=VERTEX_POINT('',#1763);
#1765=CARTESIAN_POINT('',(35.403124237,25.17544468,-5.074854739));
#1766=CARTESIAN_POINT('',(35.602467416,25.377264266,-5.162666008));
#1767=CARTESIAN_POINT('',(35.774161238,25.569419832,-5.302741418));
#1768=CARTESIAN_POINT('',(35.931742456,25.759708498,-5.464513059));
#1769=CARTESIAN_POINT('',(36.089323674,25.949997165,-5.626284701));
#1770=CARTESIAN_POINT('',(36.229951438,26.135126844,-5.80823733));
#1771=CARTESIAN_POINT('',(36.363636364,26.325363829,-5.99));
#1772=B_SPLINE_CURVE_WITH_KNOTS('',3,(#1765,#1766,#1767,#1768,#1769,#1770,#1771),.UNSPECIFIED.,.F.,.F.,(4,3,4),(0.,0.000878997,0.001757994),.UNSPECIFIED.);
#1773=EDGE_CURVE('',#1755,#1764,#1772,.T.);
#1774=ORIENTED_EDGE('',*,*,#1773,.T.);
#1775=CARTESIAN_POINT('',(36.363636364,26.325363829,-5.99));
#1776=DIRECTION('',(-0.,-0.,-1.));
#1777=VECTOR('',#1776,5.);
#1778=LINE('',#1775,#1777);
#1779=EDGE_CURVE('',#1764,#885,#1778,.T.);
#1780=ORIENTED_EDGE('',*,*,#1779,.T.);
#1781=ORIENTED_EDGE('',*,*,#891,.T.);
#1782=ORIENTED_EDGE('',*,*,#1696,.F.);
#1783=CARTESIAN_POINT('',(29.,31.5,-2.99));
#1784=DIRECTION('',(-0.,-0.,-1.));
#1785=DIRECTION('',(1.,0.,-0.));
#1786=AXIS2_PLACEMENT_3D('',#1783,#1784,#1785);
#1787=CIRCLE('',#1786,9.);
#1788=EDGE_CURVE('',#1691,#1691,#1787,.T.);
#1789=ORIENTED_EDGE('',*,*,#1788,.T.);
#1790=EDGE_LOOP('',(#1697,#1698,#1706,#1718,#1727,#1736,#1742,#1743,#1744,#1753,#1762,#1774,#1780,#1781,#1782,#1789));
#1791=FACE_BOUND('',#1790,.T.);
#1792=ADVANCED_FACE('',(#1791),#1689,.T.);
#1793=CARTESIAN_POINT('',(-28.5,31.5,-8.99));
#1794=DIRECTION('',(0.,0.,1.));
#1795=DIRECTION('',(1.,0.,-0.));
#1796=AXIS2_PLACEMENT_3D('',#1793,#1794,#1795);
#1797=CYLINDRICAL_SURFACE('',#1796,9.);
#1798=CARTESIAN_POINT('',(-19.5,31.5,-2.99));
#1799=VERTEX_POINT('',#1798);
#1800=CARTESIAN_POINT('',(-19.5,31.5,-2.99));
#1801=DIRECTION('',(-0.,-0.,-1.));
#1802=VECTOR('',#1801,8.);
#1803=LINE('',#1800,#1802);
#1804=EDGE_CURVE('',#1799,#821,#1803,.T.);
#1805=ORIENTED_EDGE('',*,*,#1804,.T.);
#1806=ORIENTED_EDGE('',*,*,#827,.T.);
#1807=CARTESIAN_POINT('',(-19.55572809,32.5,-4.99));
#1808=VERTEX_POINT('',#1807);
#1809=CARTESIAN_POINT('',(-19.55572809,32.5,-10.99));
#1810=DIRECTION('',(0.,0.,1.));
#1811=VECTOR('',#1810,6.);
#1812=LINE('',#1809,#1811);
#1813=EDGE_CURVE('',#813,#1808,#1812,.T.);
#1814=ORIENTED_EDGE('',*,*,#1813,.T.);
#1815=CARTESIAN_POINT('',(-21.791796067,37.5,-4.99));
#1816=VERTEX_POINT('',#1815);
#1817=CARTESIAN_POINT('',(-28.5,31.5,-4.99));
#1818=DIRECTION('',(0.,0.,1.));
#1819=DIRECTION('',(1.,0.,-0.));
#1820=AXIS2_PLACEMENT_3D('',#1817,#1818,#1819);
#1821=CIRCLE('',#1820,9.);
#1822=EDGE_CURVE('',#1808,#1816,#1821,.T.);
#1823=ORIENTED_EDGE('',*,*,#1822,.T.);
#1824=CARTESIAN_POINT('',(-22.17544468,37.903124237,-5.074854739));
#1825=VERTEX_POINT('',#1824);
#1826=CARTESIAN_POINT('',(-21.791796067,37.5,-4.99));
#1827=CARTESIAN_POINT('',(-21.918700999,37.641884026,-4.99));
#1828=CARTESIAN_POINT('',(-22.046729177,37.775988126,-5.018850891));
#1829=CARTESIAN_POINT('',(-22.17544468,37.903124237,-5.074854739));
#1830=B_SPLINE_CURVE_WITH_KNOTS('',3,(#1826,#1827,#1828,#1829),.UNSPECIFIED.,.F.,.F.,(4,4),(0.,0.000562869),.UNSPECIFIED.);
#1831=EDGE_CURVE('',#1816,#1825,#1830,.T.);
#1832=ORIENTED_EDGE('',*,*,#1831,.T.);
#1833=CARTESIAN_POINT('',(-23.325363829,38.863636364,-5.99));
#1834=VERTEX_POINT('',#1833);
#1835=CARTESIAN_POINT('',(-22.17544468,37.903124237,-5.074854739));
#1836=CARTESIAN_POINT('',(-22.377264266,38.102467416,-5.162666008));
#1837=CARTESIAN_POINT('',(-22.569419832,38.274161238,-5.302741418));
#1838=CARTESIAN_POINT('',(-22.759708498,38.431742456,-5.464513059));
#1839=CARTESIAN_POINT('',(-22.949997165,38.589323674,-5.626284701));
#1840=CARTESIAN_POINT('',(-23.135126844,38.729951438,-5.80823733));
#1841=CARTESIAN_POINT('',(-23.325363829,38.863636364,-5.99));
#1842=B_SPLINE_CURVE_WITH_KNOTS('',3,(#1835,#1836,#1837,#1838,#1839,#1840,#1841),.UNSPECIFIED.,.F.,.F.,(4,3,4),(0.,0.000878997,0.001757994),.UNSPECIFIED.);
#1843=EDGE_CURVE('',#1825,#1834,#1842,.T.);
#1844=ORIENTED_EDGE('',*,*,#1843,.T.);
#1845=CARTESIAN_POINT('',(-23.325363829,38.863636364,-5.99));
#1846=DIRECTION('',(-0.,-0.,-1.));
#1847=VECTOR('',#1846,5.);
#1848=LINE('',#1845,#1847);
#1849=EDGE_CURVE('',#1834,#841,#1848,.T.);
#1850=ORIENTED_EDGE('',*,*,#1849,.T.);
#1851=ORIENTED_EDGE('',*,*,#847,.F.);
#1852=CARTESIAN_POINT('',(-35.863636364,26.325363829,-5.99));
#1853=VERTEX_POINT('',#1852);
#1854=CARTESIAN_POINT('',(-35.863636364,26.325363829,-10.99));
#1855=DIRECTION('',(0.,0.,1.));
#1856=VECTOR('',#1855,5.);
#1857=LINE('',#1854,#1856);
#1858=EDGE_CURVE('',#839,#1853,#1857,.T.);
#1859=ORIENTED_EDGE('',*,*,#1858,.T.);
#1860=CARTESIAN_POINT('',(-34.903124237,25.17544468,-5.074854739));
#1861=VERTEX_POINT('',#1860);
#1862=CARTESIAN_POINT('',(-35.863636364,26.325363829,-5.99));
#1863=CARTESIAN_POINT('',(-35.729951253,26.135126582,-5.80823774));
#1864=CARTESIAN_POINT('',(-35.589323674,25.949997165,-5.626284701));
#1865=CARTESIAN_POINT('',(-35.431742456,25.759708498,-5.464513059));
#1866=CARTESIAN_POINT('',(-35.274161238,25.569419832,-5.302741418));
#1867=CARTESIAN_POINT('',(-35.102467416,25.377264266,-5.162666008));
#1868=CARTESIAN_POINT('',(-34.903124237,25.17544468,-5.074854739));
#1869=B_SPLINE_CURVE_WITH_KNOTS('',3,(#1862,#1863,#1864,#1865,#1866,#1867,#1868),.UNSPECIFIED.,.F.,.F.,(4,3,4),(0.,0.000878997,0.001757994),.UNSPECIFIED.);
#1870=EDGE_CURVE('',#1853,#1861,#1869,.T.);
#1871=ORIENTED_EDGE('',*,*,#1870,.T.);
#1872=CARTESIAN_POINT('',(-34.903124237,25.17544468,-5.074854739));
#1873=CARTESIAN_POINT('',(-34.775988126,25.046729177,-5.018850891));
#1874=CARTESIAN_POINT('',(-34.641884026,24.918700999,-4.99));
#1875=CARTESIAN_POINT('',(-34.5,24.791796068,-4.99));
#1876=B_SPLINE_CURVE_WITH_KNOTS('',3,(#1872,#1873,#1874,#1875),.UNSPECIFIED.,.F.,.F.,(4,4),(0.,0.000562869),.UNSPECIFIED.);
#1877=EDGE_CURVE('',#1861,#426,#1876,.T.);
#1878=ORIENTED_EDGE('',*,*,#1877,.T.);
#1879=ORIENTED_EDGE('',*,*,#432,.T.);
#1880=CARTESIAN_POINT('',(-29.5,22.55572809,-10.99));
#1881=DIRECTION('',(0.,0.,1.));
#1882=VECTOR('',#1881,6.);
#1883=LINE('',#1880,#1882);
#1884=EDGE_CURVE('',#572,#418,#1883,.T.);
#1885=ORIENTED_EDGE('',*,*,#1884,.F.);
#1886=ORIENTED_EDGE('',*,*,#834,.T.);
#1887=ORIENTED_EDGE('',*,*,#1804,.F.);
#1888=CARTESIAN_POINT('',(-28.5,31.5,-2.99));
#1889=DIRECTION('',(-0.,-0.,-1.));
#1890=DIRECTION('',(1.,0.,-0.));
#1891=AXIS2_PLACEMENT_3D('',#1888,#1889,#1890);
#1892=CIRCLE('',#1891,9.);
#1893=EDGE_CURVE('',#1799,#1799,#1892,.T.);
#1894=ORIENTED_EDGE('',*,*,#1893,.T.);
#1895=EDGE_LOOP('',(#1805,#1806,#1814,#1823,#1832,#1844,#1850,#1851,#1859,#1871,#1878,#1879,#1885,#1886,#1887,#1894));
#1896=FACE_BOUND('',#1895,.T.);
#1897=ADVANCED_FACE('',(#1896),#1797,.T.);
#1898=CARTESIAN_POINT('',(-35.5,13.171572875,-8.99));
#1899=DIRECTION('',(1.,0.,0.));
#1900=DIRECTION('',(0.,0.,-1.));
#1901=AXIS2_PLACEMENT_3D('',#1898,#1899,#1900);
#1902=PLANE('',#1901);
#1903=CARTESIAN_POINT('',(-35.5,25.17544468,-5.99));
#1904=VERTEX_POINT('',#1903);
#1905=CARTESIAN_POINT('',(-35.5,25.17544468,-5.99));
#1906=DIRECTION('',(-0.,-0.,-1.));
#1907=VECTOR('',#1906,5.);
#1908=LINE('',#1905,#1907);
#1909=EDGE_CURVE('',#1904,#982,#1908,.T.);
#1910=ORIENTED_EDGE('',*,*,#1909,.T.);
#1911=ORIENTED_EDGE('',*,*,#987,.F.);
#1912=CARTESIAN_POINT('',(-35.5,-24.17544468,-5.99));
#1913=VERTEX_POINT('',#1912);
#1914=CARTESIAN_POINT('',(-35.5,-24.17544468,-10.99));
#1915=DIRECTION('',(0.,0.,1.));
#1916=VECTOR('',#1915,5.);
#1917=LINE('',#1914,#1916);
#1918=EDGE_CURVE('',#973,#1913,#1917,.T.);
#1919=ORIENTED_EDGE('',*,*,#1918,.T.);
#1920=CARTESIAN_POINT('',(-35.5,-24.17544468,-5.99));
#1921=DIRECTION('',(0.,1.,0.));
#1922=VECTOR('',#1921,49.350889359);
#1923=LINE('',#1920,#1922);
#1924=EDGE_CURVE('',#1913,#1904,#1923,.T.);
#1925=ORIENTED_EDGE('',*,*,#1924,.T.);
#1926=EDGE_LOOP('',(#1910,#1911,#1919,#1925));
#1927=FACE_BOUND('',#1926,.T.);
#1928=ADVANCED_FACE('',(#1927),#1902,.F.);
#1929=CARTESIAN_POINT('',(-28.5,-30.5,-8.99));
#1930=DIRECTION('',(0.,0.,1.));
#1931=DIRECTION('',(1.,0.,-0.));
#1932=AXIS2_PLACEMENT_3D('',#1929,#1930,#1931);
#1933=CYLINDRICAL_SURFACE('',#1932,9.);
#1934=CARTESIAN_POINT('',(-19.5,-30.5,-2.99));
#1935=VERTEX_POINT('',#1934);
#1936=CARTESIAN_POINT('',(-19.5,-30.5,-2.99));
#1937=DIRECTION('',(-0.,-0.,-1.));
#1938=VECTOR('',#1937,8.);
#1939=LINE('',#1936,#1938);
#1940=EDGE_CURVE('',#1935,#593,#1939,.T.);
#1941=ORIENTED_EDGE('',*,*,#1940,.T.);
#1942=ORIENTED_EDGE('',*,*,#599,.T.);
#1943=CARTESIAN_POINT('',(-29.5,-21.55572809,-10.99));
#1944=DIRECTION('',(0.,0.,1.));
#1945=VECTOR('',#1944,6.);
#1946=LINE('',#1943,#1945);
#1947=EDGE_CURVE('',#585,#443,#1946,.T.);
#1948=ORIENTED_EDGE('',*,*,#1947,.T.);
#1949=ORIENTED_EDGE('',*,*,#449,.T.);
#1950=CARTESIAN_POINT('',(-34.903124237,-24.17544468,-5.074854739));
#1951=VERTEX_POINT('',#1950);
#1952=CARTESIAN_POINT('',(-34.5,-23.791796068,-4.99));
#1953=CARTESIAN_POINT('',(-34.641884026,-23.918700999,-4.99));
#1954=CARTESIAN_POINT('',(-34.775988126,-24.046729177,-5.018850891));
#1955=CARTESIAN_POINT('',(-34.903124237,-24.17544468,-5.074854739));
#1956=B_SPLINE_CURVE_WITH_KNOTS('',3,(#1952,#1953,#1954,#1955),.UNSPECIFIED.,.F.,.F.,(4,4),(0.,0.000562869),.UNSPECIFIED.);
#1957=EDGE_CURVE('',#435,#1951,#1956,.T.);
#1958=ORIENTED_EDGE('',*,*,#1957,.T.);
#1959=CARTESIAN_POINT('',(-35.863636364,-25.325363829,-5.99));
#1960=VERTEX_POINT('',#1959);
#1961=CARTESIAN_POINT('',(-34.903124237,-24.17544468,-5.074854739));
#1962=CARTESIAN_POINT('',(-35.102467416,-24.377264266,-5.162666008));
#1963=CARTESIAN_POINT('',(-35.274161238,-24.569419832,-5.302741418));
#1964=CARTESIAN_POINT('',(-35.431742456,-24.759708498,-5.464513059));
#1965=CARTESIAN_POINT('',(-35.589323674,-24.949997165,-5.626284701));
#1966=CARTESIAN_POINT('',(-35.729951438,-25.135126844,-5.80823733));
#1967=CARTESIAN_POINT('',(-35.863636364,-25.325363829,-5.99));
#1968=B_SPLINE_CURVE_WITH_KNOTS('',3,(#1961,#1962,#1963,#1964,#1965,#1966,#1967),.UNSPECIFIED.,.F.,.F.,(4,3,4),(0.,0.000878997,0.001757994),.UNSPECIFIED.);
#1969=EDGE_CURVE('',#1951,#1960,#1968,.T.);
#1970=ORIENTED_EDGE('',*,*,#1969,.T.);
#1971=CARTESIAN_POINT('',(-35.863636364,-25.325363829,-5.99));
#1972=DIRECTION('',(-0.,-0.,-1.));
#1973=VECTOR('',#1972,5.);
#1974=LINE('',#1971,#1973);
#1975=EDGE_CURVE('',#1960,#964,#1974,.T.);
#1976=ORIENTED_EDGE('',*,*,#1975,.T.);
#1977=ORIENTED_EDGE('',*,*,#970,.F.);
#1978=CARTESIAN_POINT('',(-23.325363829,-37.863636364,-5.99));
#1979=VERTEX_POINT('',#1978);
#1980=CARTESIAN_POINT('',(-23.325363829,-37.863636364,-10.99));
#1981=DIRECTION('',(0.,0.,1.));
#1982=VECTOR('',#1981,5.);
#1983=LINE('',#1980,#1982);
#1984=EDGE_CURVE('',#955,#1979,#1983,.T.);
#1985=ORIENTED_EDGE('',*,*,#1984,.T.);
#1986=CARTESIAN_POINT('',(-22.17544468,-36.903124237,-5.074854739));
#1987=VERTEX_POINT('',#1986);
#1988=CARTESIAN_POINT('',(-23.325363829,-37.863636364,-5.99));
#1989=CARTESIAN_POINT('',(-23.135126582,-37.729951253,-5.80823774));
#1990=CARTESIAN_POINT('',(-22.949997165,-37.589323674,-5.626284701));
#1991=CARTESIAN_POINT('',(-22.759708498,-37.431742456,-5.464513059));
#1992=CARTESIAN_POINT('',(-22.569419832,-37.274161238,-5.302741418));
#1993=CARTESIAN_POINT('',(-22.377264266,-37.102467416,-5.162666008));
#1994=CARTESIAN_POINT('',(-22.17544468,-36.903124237,-5.074854739));
#1995=B_SPLINE_CURVE_WITH_KNOTS('',3,(#1988,#1989,#1990,#1991,#1992,#1993,#1994),.UNSPECIFIED.,.F.,.F.,(4,3,4),(0.,0.000878997,0.001757994),.UNSPECIFIED.);
#1996=EDGE_CURVE('',#1979,#1987,#1995,.T.);
#1997=ORIENTED_EDGE('',*,*,#1996,.T.);
#1998=CARTESIAN_POINT('',(-21.791796067,-36.5,-4.99));
#1999=VERTEX_POINT('',#1998);
#2000=CARTESIAN_POINT('',(-22.17544468,-36.903124237,-5.074854739));
#2001=CARTESIAN_POINT('',(-22.046729177,-36.775988126,-5.018850891));
#2002=CARTESIAN_POINT('',(-21.918700999,-36.641884026,-4.99));
#2003=CARTESIAN_POINT('',(-21.791796067,-36.5,-4.99));
#2004=B_SPLINE_CURVE_WITH_KNOTS('',3,(#2000,#2001,#2002,#2003),.UNSPECIFIED.,.F.,.F.,(4,4),(0.,0.000562869),.UNSPECIFIED.);
#2005=EDGE_CURVE('',#1987,#1999,#2004,.T.);
#2006=ORIENTED_EDGE('',*,*,#2005,.T.);
#2007=CARTESIAN_POINT('',(-19.55572809,-31.5,-4.99));
#2008=VERTEX_POINT('',#2007);
#2009=CARTESIAN_POINT('',(-28.5,-30.5,-4.99));
#2010=DIRECTION('',(0.,0.,1.));
#2011=DIRECTION('',(1.,0.,-0.));
#2012=AXIS2_PLACEMENT_3D('',#2009,#2010,#2011);
#2013=CIRCLE('',#2012,9.);
#2014=EDGE_CURVE('',#1999,#2008,#2013,.T.);
#2015=ORIENTED_EDGE('',*,*,#2014,.T.);
#2016=CARTESIAN_POINT('',(-19.55572809,-31.5,-10.99));
#2017=DIRECTION('',(0.,0.,1.));
#2018=VECTOR('',#2017,6.);
#2019=LINE('',#2016,#2018);
#2020=EDGE_CURVE('',#602,#2008,#2019,.T.);
#2021=ORIENTED_EDGE('',*,*,#2020,.F.);
#2022=ORIENTED_EDGE('',*,*,#608,.T.);
#2023=ORIENTED_EDGE('',*,*,#1940,.F.);
#2024=CARTESIAN_POINT('',(-28.5,-30.5,-2.99));
#2025=DIRECTION('',(-0.,-0.,-1.));
#2026=DIRECTION('',(1.,0.,-0.));
#2027=AXIS2_PLACEMENT_3D('',#2024,#2025,#2026);
#2028=CIRCLE('',#2027,9.);
#2029=EDGE_CURVE('',#1935,#1935,#2028,.T.);
#2030=ORIENTED_EDGE('',*,*,#2029,.T.);
#2031=EDGE_LOOP('',(#1941,#1942,#1948,#1949,#1958,#1970,#1976,#1977,#1985,#1997,#2006,#2015,#2021,#2022,#2023,#2030));
#2032=FACE_BOUND('',#2031,.T.);
#2033=ADVANCED_FACE('',(#2032),#1933,.T.);
#2034=CARTESIAN_POINT('',(-11.296572875,-37.5,-8.99));
#2035=DIRECTION('',(0.,1.,0.));
#2036=DIRECTION('',(0.,0.,1.));
#2037=AXIS2_PLACEMENT_3D('',#2034,#2035,#2036);
#2038=PLANE('',#2037);
#2039=CARTESIAN_POINT('',(-22.17544468,-37.5,-5.99));
#2040=VERTEX_POINT('',#2039);
#2041=CARTESIAN_POINT('',(-22.17544468,-37.5,-5.99));
#2042=DIRECTION('',(-0.,-0.,-1.));
#2043=VECTOR('',#2042,5.);
#2044=LINE('',#2041,#2043);
#2045=EDGE_CURVE('',#2040,#947,#2044,.T.);
#2046=ORIENTED_EDGE('',*,*,#2045,.T.);
#2047=ORIENTED_EDGE('',*,*,#952,.F.);
#2048=CARTESIAN_POINT('',(22.67544468,-37.5,-5.99));
#2049=VERTEX_POINT('',#2048);
#2050=CARTESIAN_POINT('',(22.67544468,-37.5,-10.99));
#2051=DIRECTION('',(0.,0.,1.));
#2052=VECTOR('',#2051,5.);
#2053=LINE('',#2050,#2052);
#2054=EDGE_CURVE('',#938,#2049,#2053,.T.);
#2055=ORIENTED_EDGE('',*,*,#2054,.T.);
#2056=CARTESIAN_POINT('',(22.67544468,-37.5,-5.99));
#2057=DIRECTION('',(-1.,0.,0.));
#2058=VECTOR('',#2057,44.850889359);
#2059=LINE('',#2056,#2058);
#2060=EDGE_CURVE('',#2049,#2040,#2059,.T.);
#2061=ORIENTED_EDGE('',*,*,#2060,.T.);
#2062=EDGE_LOOP('',(#2046,#2047,#2055,#2061));
#2063=FACE_BOUND('',#2062,.T.);
#2064=ADVANCED_FACE('',(#2063),#2038,.F.);
#2065=CARTESIAN_POINT('',(17.044549271,-31.5,-8.99));
#2066=DIRECTION('',(-0.,-1.,0.));
#2067=DIRECTION('',(1.,-0.,0.));
#2068=AXIS2_PLACEMENT_3D('',#2065,#2066,#2067);
#2069=PLANE('',#2068);
#2070=ORIENTED_EDGE('',*,*,#1465,.F.);
#2071=CARTESIAN_POINT('',(20.05572809,-31.5,-4.99));
#2072=VERTEX_POINT('',#2071);
#2073=CARTESIAN_POINT('',(7.965319242,-31.5,-4.99));
#2074=DIRECTION('',(1.,-0.,0.));
#2075=VECTOR('',#2074,12.090408848);
#2076=LINE('',#2073,#2075);
#2077=EDGE_CURVE('',#1454,#2072,#2076,.T.);
#2078=ORIENTED_EDGE('',*,*,#2077,.T.);
#2079=CARTESIAN_POINT('',(20.05572809,-31.5,-10.99));
#2080=DIRECTION('',(0.,0.,1.));
#2081=VECTOR('',#2080,6.);
#2082=LINE('',#2079,#2081);
#2083=EDGE_CURVE('',#661,#2072,#2082,.T.);
#2084=ORIENTED_EDGE('',*,*,#2083,.F.);
#2085=ORIENTED_EDGE('',*,*,#666,.F.);
#2086=EDGE_LOOP('',(#2070,#2078,#2084,#2085));
#2087=FACE_BOUND('',#2086,.T.);
#2088=ADVANCED_FACE('',(#2087),#2069,.F.);
#2089=CARTESIAN_POINT('',(-10.499344848,-31.5,-8.99));
#2090=DIRECTION('',(0.,-1.,0.));
#2091=DIRECTION('',(0.,0.,-1.));
#2092=AXIS2_PLACEMENT_3D('',#2089,#2090,#2091);
#2093=PLANE('',#2092);
#2094=ORIENTED_EDGE('',*,*,#2020,.T.);
#2095=CARTESIAN_POINT('',(-19.55572809,-31.5,-4.99));
#2096=DIRECTION('',(1.,0.,-0.));
#2097=VECTOR('',#2096,12.090408848);
#2098=LINE('',#2095,#2097);
#2099=EDGE_CURVE('',#2008,#1514,#2098,.T.);
#2100=ORIENTED_EDGE('',*,*,#2099,.T.);
#2101=ORIENTED_EDGE('',*,*,#1519,.T.);
#2102=ORIENTED_EDGE('',*,*,#616,.F.);
#2103=EDGE_LOOP('',(#2094,#2100,#2101,#2102));
#2104=FACE_BOUND('',#2103,.T.);
#2105=ADVANCED_FACE('',(#2104),#2093,.F.);
#2106=CARTESIAN_POINT('',(-29.5,-18.544549271,-8.99));
#2107=DIRECTION('',(-1.,-0.,0.));
#2108=DIRECTION('',(0.,-1.,0.));
#2109=AXIS2_PLACEMENT_3D('',#2106,#2107,#2108);
#2110=PLANE('',#2109);
#2111=ORIENTED_EDGE('',*,*,#242,.F.);
#2112=ORIENTED_EDGE('',*,*,#455,.T.);
#2113=ORIENTED_EDGE('',*,*,#1947,.F.);
#2114=ORIENTED_EDGE('',*,*,#590,.F.);
#2115=EDGE_LOOP('',(#2111,#2112,#2113,#2114));
#2116=FACE_BOUND('',#2115,.T.);
#2117=ADVANCED_FACE('',(#2116),#2110,.F.);
#2118=CARTESIAN_POINT('',(-29.5,13.525334673,-8.99));
#2119=DIRECTION('',(1.,0.,0.));
#2120=DIRECTION('',(-0.,1.,0.));
#2121=AXIS2_PLACEMENT_3D('',#2118,#2119,#2120);
#2122=PLANE('',#2121);
#2123=ORIENTED_EDGE('',*,*,#423,.F.);
#2124=ORIENTED_EDGE('',*,*,#367,.T.);
#2125=ORIENTED_EDGE('',*,*,#577,.T.);
#2126=ORIENTED_EDGE('',*,*,#1884,.T.);
#2127=EDGE_LOOP('',(#2123,#2124,#2125,#2126));
#2128=FACE_BOUND('',#2127,.T.);
#2129=ADVANCED_FACE('',(#2128),#2122,.T.);
#2130=CARTESIAN_POINT('',(-16.544549271,32.5,-8.99));
#2131=DIRECTION('',(0.,1.,0.));
#2132=DIRECTION('',(0.,0.,1.));
#2133=AXIS2_PLACEMENT_3D('',#2130,#2131,#2132);
#2134=PLANE('',#2133);
#2135=CARTESIAN_POINT('',(-14.397934559,32.5,-4.99));
#2136=VERTEX_POINT('',#2135);
#2137=CARTESIAN_POINT('',(-14.397934559,32.5,-10.99));
#2138=DIRECTION('',(0.,0.,1.));
#2139=VECTOR('',#2138,6.);
#2140=LINE('',#2137,#2139);
#2141=EDGE_CURVE('',#804,#2136,#2140,.T.);
#2142=ORIENTED_EDGE('',*,*,#2141,.T.);
#2143=CARTESIAN_POINT('',(-14.397934559,32.5,-4.99));
#2144=DIRECTION('',(-1.,0.,0.));
#2145=VECTOR('',#2144,5.157793531);
#2146=LINE('',#2143,#2145);
#2147=EDGE_CURVE('',#2136,#1808,#2146,.T.);
#2148=ORIENTED_EDGE('',*,*,#2147,.T.);
#2149=ORIENTED_EDGE('',*,*,#1813,.F.);
#2150=ORIENTED_EDGE('',*,*,#818,.F.);
#2151=EDGE_LOOP('',(#2142,#2148,#2149,#2150));
#2152=FACE_BOUND('',#2151,.T.);
#2153=ADVANCED_FACE('',(#2152),#2134,.F.);
#2154=CARTESIAN_POINT('',(-12.206669796,34.,-8.99));
#2155=DIRECTION('',(-0.766044443,0.64278761,0.));
#2156=DIRECTION('',(-0.64278761,-0.766044443,0.));
#2157=AXIS2_PLACEMENT_3D('',#2154,#2155,#2156);
#2158=PLANE('',#2157);
#2159=ORIENTED_EDGE('',*,*,#1601,.T.);
#2160=CARTESIAN_POINT('',(-12.865845672,33.214424781,-4.99));
#2161=VERTEX_POINT('',#2160);
#2162=CARTESIAN_POINT('',(-11.547493919,34.785575219,-4.99));
#2163=DIRECTION('',(-0.64278761,-0.766044443,0.));
#2164=VECTOR('',#2163,2.050991235);
#2165=LINE('',#2162,#2164);
#2166=EDGE_CURVE('',#1589,#2161,#2165,.T.);
#2167=ORIENTED_EDGE('',*,*,#2166,.T.);
#2168=CARTESIAN_POINT('',(-12.865845672,33.214424781,-4.99));
#2169=DIRECTION('',(-0.,-0.,-1.));
#2170=VECTOR('',#2169,6.);
#2171=LINE('',#2168,#2170);
#2172=EDGE_CURVE('',#2161,#796,#2171,.T.);
#2173=ORIENTED_EDGE('',*,*,#2172,.T.);
#2174=ORIENTED_EDGE('',*,*,#801,.F.);
#2175=EDGE_LOOP('',(#2159,#2167,#2173,#2174));
#2176=FACE_BOUND('',#2175,.T.);
#2177=ADVANCED_FACE('',(#2176),#2158,.F.);
#2178=CARTESIAN_POINT('',(12.706669796,34.,-8.99));
#2179=DIRECTION('',(-0.766044443,-0.64278761,0.));
#2180=DIRECTION('',(0.64278761,-0.766044443,0.));
#2181=AXIS2_PLACEMENT_3D('',#2178,#2179,#2180);
#2182=PLANE('',#2181);
#2183=CARTESIAN_POINT('',(12.047493919,34.785575219,-4.99));
#2184=VERTEX_POINT('',#2183);
#2185=CARTESIAN_POINT('',(13.365845672,33.214424781,-4.99));
#2186=VERTEX_POINT('',#2185);
#2187=CARTESIAN_POINT('',(12.047493919,34.785575219,-4.99));
#2188=DIRECTION('',(0.64278761,-0.766044443,0.));
#2189=VECTOR('',#2188,2.050991235);
#2190=LINE('',#2187,#2189);
#2191=EDGE_CURVE('',#2184,#2186,#2190,.T.);
#2192=ORIENTED_EDGE('',*,*,#2191,.F.);
#2193=CARTESIAN_POINT('',(12.047493919,34.785575219,-4.99));
#2194=DIRECTION('',(-0.,-0.,-1.));
#2195=VECTOR('',#2194,6.);
#2196=LINE('',#2193,#2195);
#2197=EDGE_CURVE('',#2184,#762,#2196,.T.);
#2198=ORIENTED_EDGE('',*,*,#2197,.T.);
#2199=ORIENTED_EDGE('',*,*,#767,.T.);
#2200=CARTESIAN_POINT('',(13.365845672,33.214424781,-10.99));
#2201=DIRECTION('',(0.,0.,1.));
#2202=VECTOR('',#2201,6.);
#2203=LINE('',#2200,#2202);
#2204=EDGE_CURVE('',#753,#2186,#2203,.T.);
#2205=ORIENTED_EDGE('',*,*,#2204,.T.);
#2206=EDGE_LOOP('',(#2192,#2198,#2199,#2205));
#2207=FACE_BOUND('',#2206,.T.);
#2208=ADVANCED_FACE('',(#2207),#2182,.T.);
#2209=CARTESIAN_POINT('',(10.999344848,32.5,-8.99));
#2210=DIRECTION('',(0.,1.,0.));
#2211=DIRECTION('',(0.,0.,1.));
#2212=AXIS2_PLACEMENT_3D('',#2209,#2210,#2211);
#2213=PLANE('',#2212);
#2214=ORIENTED_EDGE('',*,*,#1741,.T.);
#2215=CARTESIAN_POINT('',(14.897934559,32.5,-4.99));
#2216=VERTEX_POINT('',#2215);
#2217=CARTESIAN_POINT('',(20.05572809,32.5,-4.99));
#2218=DIRECTION('',(-1.,0.,0.));
#2219=VECTOR('',#2218,5.157793531);
#2220=LINE('',#2217,#2219);
#2221=EDGE_CURVE('',#1729,#2216,#2220,.T.);
#2222=ORIENTED_EDGE('',*,*,#2221,.T.);
#2223=CARTESIAN_POINT('',(14.897934559,32.5,-4.99));
#2224=DIRECTION('',(-0.,-0.,-1.));
#2225=VECTOR('',#2224,6.);
#2226=LINE('',#2223,#2225);
#2227=EDGE_CURVE('',#2216,#745,#2226,.T.);
#2228=ORIENTED_EDGE('',*,*,#2227,.T.);
#2229=ORIENTED_EDGE('',*,*,#750,.F.);
#2230=EDGE_LOOP('',(#2214,#2222,#2228,#2229));
#2231=FACE_BOUND('',#2230,.T.);
#2232=ADVANCED_FACE('',(#2231),#2213,.F.);
#2233=CARTESIAN_POINT('',(29.,-30.5,-8.99));
#2234=DIRECTION('',(0.,0.,1.));
#2235=DIRECTION('',(1.,0.,-0.));
#2236=AXIS2_PLACEMENT_3D('',#2233,#2234,#2235);
#2237=CYLINDRICAL_SURFACE('',#2236,9.);
#2238=CARTESIAN_POINT('',(38.,-30.5,-2.99));
#2239=VERTEX_POINT('',#2238);
#2240=CARTESIAN_POINT('',(38.,-30.5,-2.99));
#2241=DIRECTION('',(-0.,-0.,-1.));
#2242=VECTOR('',#2241,8.);
#2243=LINE('',#2240,#2242);
#2244=EDGE_CURVE('',#2239,#920,#2243,.T.);
#2245=ORIENTED_EDGE('',*,*,#2244,.T.);
#2246=ORIENTED_EDGE('',*,*,#926,.T.);
#2247=CARTESIAN_POINT('',(36.363636364,-25.325363829,-5.99));
#2248=VERTEX_POINT('',#2247);
#2249=CARTESIAN_POINT('',(36.363636364,-25.325363829,-10.99));
#2250=DIRECTION('',(0.,0.,1.));
#2251=VECTOR('',#2250,5.);
#2252=LINE('',#2249,#2251);
#2253=EDGE_CURVE('',#911,#2248,#2252,.T.);
#2254=ORIENTED_EDGE('',*,*,#2253,.T.);
#2255=CARTESIAN_POINT('',(35.403124237,-24.17544468,-5.074854739));
#2256=VERTEX_POINT('',#2255);
#2257=CARTESIAN_POINT('',(36.363636364,-25.325363829,-5.99));
#2258=CARTESIAN_POINT('',(36.229951253,-25.135126582,-5.80823774));
#2259=CARTESIAN_POINT('',(36.089323674,-24.949997165,-5.626284701));
#2260=CARTESIAN_POINT('',(35.931742456,-24.759708498,-5.464513059));
#2261=CARTESIAN_POINT('',(35.774161238,-24.569419832,-5.302741418));
#2262=CARTESIAN_POINT('',(35.602467416,-24.377264266,-5.162666008));
#2263=CARTESIAN_POINT('',(35.403124237,-24.17544468,-5.074854739));
#2264=B_SPLINE_CURVE_WITH_KNOTS('',3,(#2257,#2258,#2259,#2260,#2261,#2262,#2263),.UNSPECIFIED.,.F.,.F.,(4,3,4),(0.,0.000878997,0.001757994),.UNSPECIFIED.);
#2265=EDGE_CURVE('',#2248,#2256,#2264,.T.);
#2266=ORIENTED_EDGE('',*,*,#2265,.T.);
#2267=CARTESIAN_POINT('',(35.,-23.791796068,-4.99));
#2268=VERTEX_POINT('',#2267);
#2269=CARTESIAN_POINT('',(35.403124237,-24.17544468,-5.074854739));
#2270=CARTESIAN_POINT('',(35.275988126,-24.046729177,-5.018850891));
#2271=CARTESIAN_POINT('',(35.141884026,-23.918700999,-4.99));
#2272=CARTESIAN_POINT('',(35.,-23.791796068,-4.99));
#2273=B_SPLINE_CURVE_WITH_KNOTS('',3,(#2269,#2270,#2271,#2272),.UNSPECIFIED.,.F.,.F.,(4,4),(0.,0.000562869),.UNSPECIFIED.);
#2274=EDGE_CURVE('',#2256,#2268,#2273,.T.);
#2275=ORIENTED_EDGE('',*,*,#2274,.T.);
#2276=CARTESIAN_POINT('',(29.,-30.5,-4.99));
#2277=DIRECTION('',(0.,0.,1.));
#2278=DIRECTION('',(1.,0.,-0.));
#2279=AXIS2_PLACEMENT_3D('',#2276,#2277,#2278);
#2280=CIRCLE('',#2279,9.);
#2281=EDGE_CURVE('',#2268,#1088,#2280,.T.);
#2282=ORIENTED_EDGE('',*,*,#2281,.T.);
#2283=ORIENTED_EDGE('',*,*,#1106,.F.);
#2284=ORIENTED_EDGE('',*,*,#675,.T.);
#2285=ORIENTED_EDGE('',*,*,#2083,.T.);
#2286=CARTESIAN_POINT('',(22.291796067,-36.5,-4.99));
#2287=VERTEX_POINT('',#2286);
#2288=CARTESIAN_POINT('',(29.,-30.5,-4.99));
#2289=DIRECTION('',(0.,0.,1.));
#2290=DIRECTION('',(1.,0.,-0.));
#2291=AXIS2_PLACEMENT_3D('',#2288,#2289,#2290);
#2292=CIRCLE('',#2291,9.);
#2293=EDGE_CURVE('',#2072,#2287,#2292,.T.);
#2294=ORIENTED_EDGE('',*,*,#2293,.T.);
#2295=CARTESIAN_POINT('',(22.67544468,-36.903124237,-5.074854739));
#2296=VERTEX_POINT('',#2295);
#2297=CARTESIAN_POINT('',(22.291796067,-36.5,-4.99));
#2298=CARTESIAN_POINT('',(22.418700999,-36.641884026,-4.99));
#2299=CARTESIAN_POINT('',(22.546729177,-36.775988126,-5.018850891));
#2300=CARTESIAN_POINT('',(22.67544468,-36.903124237,-5.074854739));
#2301=B_SPLINE_CURVE_WITH_KNOTS('',3,(#2297,#2298,#2299,#2300),.UNSPECIFIED.,.F.,.F.,(4,4),(0.,0.000562869),.UNSPECIFIED.);
#2302=EDGE_CURVE('',#2287,#2296,#2301,.T.);
#2303=ORIENTED_EDGE('',*,*,#2302,.T.);
#2304=CARTESIAN_POINT('',(23.825363829,-37.863636364,-5.99));
#2305=VERTEX_POINT('',#2304);
#2306=CARTESIAN_POINT('',(22.67544468,-36.903124237,-5.074854739));
#2307=CARTESIAN_POINT('',(22.877264266,-37.102467416,-5.162666008));
#2308=CARTESIAN_POINT('',(23.069419832,-37.274161238,-5.302741418));
#2309=CARTESIAN_POINT('',(23.259708498,-37.431742456,-5.464513059));
#2310=CARTESIAN_POINT('',(23.449997165,-37.589323674,-5.626284701));
#2311=CARTESIAN_POINT('',(23.635126844,-37.729951438,-5.80823733));
#2312=CARTESIAN_POINT('',(23.825363829,-37.863636364,-5.99));
#2313=B_SPLINE_CURVE_WITH_KNOTS('',3,(#2306,#2307,#2308,#2309,#2310,#2311,#2312),.UNSPECIFIED.,.F.,.F.,(4,3,4),(0.,0.000878997,0.001757994),.UNSPECIFIED.);
#2314=EDGE_CURVE('',#2296,#2305,#2313,.T.);
#2315=ORIENTED_EDGE('',*,*,#2314,.T.);
#2316=CARTESIAN_POINT('',(23.825363829,-37.863636364,-5.99));
#2317=DIRECTION('',(-0.,-0.,-1.));
#2318=VECTOR('',#2317,5.);
#2319=LINE('',#2316,#2318);
#2320=EDGE_CURVE('',#2305,#929,#2319,.T.);
#2321=ORIENTED_EDGE('',*,*,#2320,.T.);
#2322=ORIENTED_EDGE('',*,*,#935,.T.);
#2323=ORIENTED_EDGE('',*,*,#2244,.F.);
#2324=CARTESIAN_POINT('',(29.,-30.5,-2.99));
#2325=DIRECTION('',(-0.,-0.,-1.));
#2326=DIRECTION('',(1.,0.,-0.));
#2327=AXIS2_PLACEMENT_3D('',#2324,#2325,#2326);
#2328=CIRCLE('',#2327,9.);
#2329=EDGE_CURVE('',#2239,#2239,#2328,.T.);
#2330=ORIENTED_EDGE('',*,*,#2329,.T.);
#2331=EDGE_LOOP('',(#2245,#2246,#2254,#2266,#2275,#2282,#2283,#2284,#2285,#2294,#2303,#2315,#2321,#2322,#2323,#2330));
#2332=FACE_BOUND('',#2331,.T.);
#2333=ADVANCED_FACE('',(#2332),#2237,.T.);
#2334=CARTESIAN_POINT('',(10.515405032,33.5,-8.99));
#2335=DIRECTION('',(0.,0.,-1.));
#2336=DIRECTION('',(-1.,0.,0.));
#2337=AXIS2_PLACEMENT_3D('',#2334,#2335,#2336);
#2338=CYLINDRICAL_SURFACE('',#2337,2.);
#2339=CARTESIAN_POINT('',(10.515405032,33.5,-4.99));
#2340=DIRECTION('',(0.,0.,-1.));
#2341=DIRECTION('',(1.,0.,0.));
#2342=AXIS2_PLACEMENT_3D('',#2339,#2340,#2341);
#2343=CIRCLE('',#2342,2.);
#2344=EDGE_CURVE('',#1613,#2184,#2343,.T.);
#2345=ORIENTED_EDGE('',*,*,#2344,.F.);
#2346=ORIENTED_EDGE('',*,*,#1649,.F.);
#2347=ORIENTED_EDGE('',*,*,#776,.F.);
#2348=ORIENTED_EDGE('',*,*,#2197,.F.);
#2349=EDGE_LOOP('',(#2345,#2346,#2347,#2348));
#2350=FACE_BOUND('',#2349,.T.);
#2351=ADVANCED_FACE('',(#2350),#2338,.F.);
#2352=CARTESIAN_POINT('',(-14.397934559,34.5,-8.99));
#2353=DIRECTION('',(0.,0.,1.));
#2354=DIRECTION('',(1.,0.,-0.));
#2355=AXIS2_PLACEMENT_3D('',#2352,#2353,#2354);
#2356=CYLINDRICAL_SURFACE('',#2355,2.);
#2357=CARTESIAN_POINT('',(-14.397934559,34.5,-4.99));
#2358=DIRECTION('',(0.,0.,1.));
#2359=DIRECTION('',(1.,0.,-0.));
#2360=AXIS2_PLACEMENT_3D('',#2357,#2358,#2359);
#2361=CIRCLE('',#2360,2.);
#2362=EDGE_CURVE('',#2136,#2161,#2361,.T.);
#2363=ORIENTED_EDGE('',*,*,#2362,.F.);
#2364=ORIENTED_EDGE('',*,*,#2141,.F.);
#2365=ORIENTED_EDGE('',*,*,#810,.F.);
#2366=ORIENTED_EDGE('',*,*,#2172,.F.);
#2367=EDGE_LOOP('',(#2363,#2364,#2365,#2366));
#2368=FACE_BOUND('',#2367,.T.);
#2369=ADVANCED_FACE('',(#2368),#2356,.T.);
#2370=CARTESIAN_POINT('',(14.897934559,34.5,-8.99));
#2371=DIRECTION('',(0.,0.,-1.));
#2372=DIRECTION('',(-1.,0.,0.));
#2373=AXIS2_PLACEMENT_3D('',#2370,#2371,#2372);
#2374=CYLINDRICAL_SURFACE('',#2373,2.);
#2375=CARTESIAN_POINT('',(14.897934559,34.5,-4.99));
#2376=DIRECTION('',(0.,0.,1.));
#2377=DIRECTION('',(1.,0.,-0.));
#2378=AXIS2_PLACEMENT_3D('',#2375,#2376,#2377);
#2379=CIRCLE('',#2378,2.);
#2380=EDGE_CURVE('',#2186,#2216,#2379,.T.);
#2381=ORIENTED_EDGE('',*,*,#2380,.F.);
#2382=ORIENTED_EDGE('',*,*,#2204,.F.);
#2383=ORIENTED_EDGE('',*,*,#759,.F.);
#2384=ORIENTED_EDGE('',*,*,#2227,.F.);
#2385=EDGE_LOOP('',(#2381,#2382,#2383,#2384));
#2386=FACE_BOUND('',#2385,.T.);
#2387=ADVANCED_FACE('',(#2386),#2374,.T.);
#2388=CARTESIAN_POINT('',(0.25,33.6,-7.49));
#2389=DIRECTION('',(-0.,-0.,-1.));
#2390=DIRECTION('',(-1.,0.,0.));
#2391=AXIS2_PLACEMENT_3D('',#2388,#2389,#2390);
#2392=PLANE('',#2391);
#2393=ORIENTED_EDGE('',*,*,#1234,.F.);
#2394=CARTESIAN_POINT('',(-6.25,37.5,-7.49));
#2395=VERTEX_POINT('',#2394);
#2396=CARTESIAN_POINT('',(6.75,37.5,-7.49));
#2397=DIRECTION('',(-1.,-0.,0.));
#2398=VECTOR('',#2397,13.);
#2399=LINE('',#2396,#2398);
#2400=EDGE_CURVE('',#1221,#2395,#2399,.T.);
#2401=ORIENTED_EDGE('',*,*,#2400,.T.);
#2402=CARTESIAN_POINT('',(-6.25,37.5,-7.49));
#2403=DIRECTION('',(0.,-1.,-0.));
#2404=VECTOR('',#2403,2.);
#2405=LINE('',#2402,#2404);
#2406=EDGE_CURVE('',#2395,#1622,#2405,.T.);
#2407=ORIENTED_EDGE('',*,*,#2406,.T.);
#2408=ORIENTED_EDGE('',*,*,#1627,.T.);
#2409=EDGE_LOOP('',(#2393,#2401,#2407,#2408));
#2410=FACE_BOUND('',#2409,.T.);
#2411=ADVANCED_FACE('',(#2410),#2392,.F.);
#2412=CARTESIAN_POINT('',(-28.5,31.5,0.01));
#2413=DIRECTION('',(0.,0.,-1.));
#2414=DIRECTION('',(-1.,0.,0.));
#2415=AXIS2_PLACEMENT_3D('',#2412,#2413,#2414);
#2416=CYLINDRICAL_SURFACE('',#2415,3.);
#2417=CARTESIAN_POINT('',(-31.5,31.5,0.01));
#2418=VERTEX_POINT('',#2417);
#2419=CARTESIAN_POINT('',(-31.5,31.5,-1.99));
#2420=DIRECTION('',(-0.,-0.,1.));
#2421=VECTOR('',#2420,2.);
#2422=LINE('',#2419,#2421);
#2423=EDGE_CURVE('',#1262,#2418,#2422,.T.);
#2424=ORIENTED_EDGE('',*,*,#2423,.T.);
#2425=CARTESIAN_POINT('',(-25.5,31.5,0.01));
#2426=VERTEX_POINT('',#2425);
#2427=CARTESIAN_POINT('',(-28.5,31.5,0.01));
#2428=DIRECTION('',(0.,0.,1.));
#2429=DIRECTION('',(1.,0.,-0.));
#2430=AXIS2_PLACEMENT_3D('',#2427,#2428,#2429);
#2431=CIRCLE('',#2430,3.);
#2432=EDGE_CURVE('',#2426,#2418,#2431,.T.);
#2433=ORIENTED_EDGE('',*,*,#2432,.F.);
#2434=CARTESIAN_POINT('',(-28.5,31.5,0.01));
#2435=DIRECTION('',(0.,0.,1.));
#2436=DIRECTION('',(1.,0.,-0.));
#2437=AXIS2_PLACEMENT_3D('',#2434,#2435,#2436);
#2438=CIRCLE('',#2437,3.);
#2439=EDGE_CURVE('',#2418,#2426,#2438,.T.);
#2440=ORIENTED_EDGE('',*,*,#2439,.F.);
#2441=ORIENTED_EDGE('',*,*,#2423,.F.);
#2442=ORIENTED_EDGE('',*,*,#1270,.T.);
#2443=ORIENTED_EDGE('',*,*,#1277,.T.);
#2444=EDGE_LOOP('',(#2424,#2433,#2440,#2441,#2442,#2443));
#2445=FACE_BOUND('',#2444,.T.);
#2446=ADVANCED_FACE('',(#2445),#2416,.T.);
#2447=CARTESIAN_POINT('',(-73.,78.,0.01));
#2448=DIRECTION('',(0.,0.,1.));
#2449=DIRECTION('',(1.,0.,0.));
#2450=AXIS2_PLACEMENT_3D('',#2447,#2448,#2449);
#2451=PLANE('',#2450);
#2452=CARTESIAN_POINT('',(-26.9,31.5,0.01));
#2453=VERTEX_POINT('',#2452);
#2454=CARTESIAN_POINT('',(-28.5,31.5,0.01));
#2455=DIRECTION('',(0.,0.,1.));
#2456=DIRECTION('',(1.,0.,-0.));
#2457=AXIS2_PLACEMENT_3D('',#2454,#2455,#2456);
#2458=CIRCLE('',#2457,1.6);
#2459=EDGE_CURVE('',#2453,#2453,#2458,.T.);
#2460=ORIENTED_EDGE('',*,*,#2459,.F.);
#2461=EDGE_LOOP('',(#2460));
#2462=FACE_BOUND('',#2461,.T.);
#2463=ORIENTED_EDGE('',*,*,#2432,.T.);
#2464=ORIENTED_EDGE('',*,*,#2439,.T.);
#2465=EDGE_LOOP('',(#2463,#2464));
#2466=FACE_BOUND('',#2465,.T.);
#2467=ADVANCED_FACE('',(#2462,#2466),#2451,.T.);
#2468=CARTESIAN_POINT('',(29.,-30.5,0.01));
#2469=DIRECTION('',(0.,0.,-1.));
#2470=DIRECTION('',(-1.,0.,0.));
#2471=AXIS2_PLACEMENT_3D('',#2468,#2469,#2470);
#2472=CYLINDRICAL_SURFACE('',#2471,3.);
#2473=CARTESIAN_POINT('',(26.,-30.5,0.01));
#2474=VERTEX_POINT('',#2473);
#2475=CARTESIAN_POINT('',(26.,-30.5,-1.99));
#2476=DIRECTION('',(-0.,-0.,1.));
#2477=VECTOR('',#2476,2.);
#2478=LINE('',#2475,#2477);
#2479=EDGE_CURVE('',#1395,#2474,#2478,.T.);
#2480=ORIENTED_EDGE('',*,*,#2479,.T.);
#2481=CARTESIAN_POINT('',(32.,-30.5,0.01));
#2482=VERTEX_POINT('',#2481);
#2483=CARTESIAN_POINT('',(29.,-30.5,0.01));
#2484=DIRECTION('',(0.,0.,1.));
#2485=DIRECTION('',(1.,0.,-0.));
#2486=AXIS2_PLACEMENT_3D('',#2483,#2484,#2485);
#2487=CIRCLE('',#2486,3.);
#2488=EDGE_CURVE('',#2482,#2474,#2487,.T.);
#2489=ORIENTED_EDGE('',*,*,#2488,.F.);
#2490=CARTESIAN_POINT('',(29.,-30.5,0.01));
#2491=DIRECTION('',(0.,0.,1.));
#2492=DIRECTION('',(1.,0.,-0.));
#2493=AXIS2_PLACEMENT_3D('',#2490,#2491,#2492);
#2494=CIRCLE('',#2493,3.);
#2495=EDGE_CURVE('',#2474,#2482,#2494,.T.);
#2496=ORIENTED_EDGE('',*,*,#2495,.F.);
#2497=ORIENTED_EDGE('',*,*,#2479,.F.);
#2498=ORIENTED_EDGE('',*,*,#1403,.T.);
#2499=ORIENTED_EDGE('',*,*,#1410,.T.);
#2500=EDGE_LOOP('',(#2480,#2489,#2496,#2497,#2498,#2499));
#2501=FACE_BOUND('',#2500,.T.);
#2502=ADVANCED_FACE('',(#2501),#2472,.T.);
#2503=CARTESIAN_POINT('',(-73.,78.,0.01));
#2504=DIRECTION('',(0.,0.,1.));
#2505=DIRECTION('',(1.,0.,0.));
#2506=AXIS2_PLACEMENT_3D('',#2503,#2504,#2505);
#2507=PLANE('',#2506);
#2508=CARTESIAN_POINT('',(30.6,-30.5,0.01));
#2509=VERTEX_POINT('',#2508);
#2510=CARTESIAN_POINT('',(29.,-30.5,0.01));
#2511=DIRECTION('',(0.,0.,1.));
#2512=DIRECTION('',(1.,0.,-0.));
#2513=AXIS2_PLACEMENT_3D('',#2510,#2511,#2512);
#2514=CIRCLE('',#2513,1.6);
#2515=EDGE_CURVE('',#2509,#2509,#2514,.T.);
#2516=ORIENTED_EDGE('',*,*,#2515,.F.);
#2517=EDGE_LOOP('',(#2516));
#2518=FACE_BOUND('',#2517,.T.);
#2519=ORIENTED_EDGE('',*,*,#2488,.T.);
#2520=ORIENTED_EDGE('',*,*,#2495,.T.);
#2521=EDGE_LOOP('',(#2519,#2520));
#2522=FACE_BOUND('',#2521,.T.);
#2523=ADVANCED_FACE('',(#2518,#2522),#2507,.T.);
#2524=CARTESIAN_POINT('',(-28.5,-30.5,0.01));
#2525=DIRECTION('',(0.,0.,-1.));
#2526=DIRECTION('',(-1.,0.,0.));
#2527=AXIS2_PLACEMENT_3D('',#2524,#2525,#2526);
#2528=CYLINDRICAL_SURFACE('',#2527,3.);
#2529=CARTESIAN_POINT('',(-31.5,-30.5,0.01));
#2530=VERTEX_POINT('',#2529);
#2531=CARTESIAN_POINT('',(-31.5,-30.5,-1.99));
#2532=DIRECTION('',(-0.,-0.,1.));
#2533=VECTOR('',#2532,2.);
#2534=LINE('',#2531,#2533);
#2535=EDGE_CURVE('',#1299,#2530,#2534,.T.);
#2536=ORIENTED_EDGE('',*,*,#2535,.T.);
#2537=CARTESIAN_POINT('',(-25.5,-30.5,0.01));
#2538=VERTEX_POINT('',#2537);
#2539=CARTESIAN_POINT('',(-28.5,-30.5,0.01));
#2540=DIRECTION('',(0.,0.,1.));
#2541=DIRECTION('',(1.,0.,-0.));
#2542=AXIS2_PLACEMENT_3D('',#2539,#2540,#2541);
#2543=CIRCLE('',#2542,3.);
#2544=EDGE_CURVE('',#2538,#2530,#2543,.T.);
#2545=ORIENTED_EDGE('',*,*,#2544,.F.);
#2546=CARTESIAN_POINT('',(-28.5,-30.5,0.01));
#2547=DIRECTION('',(0.,0.,1.));
#2548=DIRECTION('',(1.,0.,-0.));
#2549=AXIS2_PLACEMENT_3D('',#2546,#2547,#2548);
#2550=CIRCLE('',#2549,3.);
#2551=EDGE_CURVE('',#2530,#2538,#2550,.T.);
#2552=ORIENTED_EDGE('',*,*,#2551,.F.);
#2553=ORIENTED_EDGE('',*,*,#2535,.F.);
#2554=ORIENTED_EDGE('',*,*,#1307,.T.);
#2555=ORIENTED_EDGE('',*,*,#1314,.T.);
#2556=EDGE_LOOP('',(#2536,#2545,#2552,#2553,#2554,#2555));
#2557=FACE_BOUND('',#2556,.T.);
#2558=ADVANCED_FACE('',(#2557),#2528,.T.);
#2559=CARTESIAN_POINT('',(-73.,78.,0.01));
#2560=DIRECTION('',(0.,0.,1.));
#2561=DIRECTION('',(1.,0.,0.));
#2562=AXIS2_PLACEMENT_3D('',#2559,#2560,#2561);
#2563=PLANE('',#2562);
#2564=CARTESIAN_POINT('',(-26.9,-30.5,0.01));
#2565=VERTEX_POINT('',#2564);
#2566=CARTESIAN_POINT('',(-28.5,-30.5,0.01));
#2567=DIRECTION('',(0.,0.,1.));
#2568=DIRECTION('',(1.,0.,-0.));
#2569=AXIS2_PLACEMENT_3D('',#2566,#2567,#2568);
#2570=CIRCLE('',#2569,1.6);
#2571=EDGE_CURVE('',#2565,#2565,#2570,.T.);
#2572=ORIENTED_EDGE('',*,*,#2571,.F.);
#2573=EDGE_LOOP('',(#2572));
#2574=FACE_BOUND('',#2573,.T.);
#2575=ORIENTED_EDGE('',*,*,#2544,.T.);
#2576=ORIENTED_EDGE('',*,*,#2551,.T.);
#2577=EDGE_LOOP('',(#2575,#2576));
#2578=FACE_BOUND('',#2577,.T.);
#2579=ADVANCED_FACE('',(#2574,#2578),#2563,.T.);
#2580=CARTESIAN_POINT('',(29.,31.5,0.01));
#2581=DIRECTION('',(0.,0.,-1.));
#2582=DIRECTION('',(-1.,0.,0.));
#2583=AXIS2_PLACEMENT_3D('',#2580,#2581,#2582);
#2584=CYLINDRICAL_SURFACE('',#2583,3.);
#2585=CARTESIAN_POINT('',(26.,31.5,0.01));
#2586=VERTEX_POINT('',#2585);
#2587=CARTESIAN_POINT('',(26.,31.5,-1.99));
#2588=DIRECTION('',(-0.,-0.,1.));
#2589=VECTOR('',#2588,2.);
#2590=LINE('',#2587,#2589);
#2591=EDGE_CURVE('',#1358,#2586,#2590,.T.);
#2592=ORIENTED_EDGE('',*,*,#2591,.T.);
#2593=CARTESIAN_POINT('',(32.,31.5,0.01));
#2594=VERTEX_POINT('',#2593);
#2595=CARTESIAN_POINT('',(29.,31.5,0.01));
#2596=DIRECTION('',(0.,0.,1.));
#2597=DIRECTION('',(1.,0.,-0.));
#2598=AXIS2_PLACEMENT_3D('',#2595,#2596,#2597);
#2599=CIRCLE('',#2598,3.);
#2600=EDGE_CURVE('',#2594,#2586,#2599,.T.);
#2601=ORIENTED_EDGE('',*,*,#2600,.F.);
#2602=CARTESIAN_POINT('',(29.,31.5,0.01));
#2603=DIRECTION('',(0.,0.,1.));
#2604=DIRECTION('',(1.,0.,-0.));
#2605=AXIS2_PLACEMENT_3D('',#2602,#2603,#2604);
#2606=CIRCLE('',#2605,3.);
#2607=EDGE_CURVE('',#2586,#2594,#2606,.T.);
#2608=ORIENTED_EDGE('',*,*,#2607,.F.);
#2609=ORIENTED_EDGE('',*,*,#2591,.F.);
#2610=ORIENTED_EDGE('',*,*,#1366,.T.);
#2611=ORIENTED_EDGE('',*,*,#1373,.T.);
#2612=EDGE_LOOP('',(#2592,#2601,#2608,#2609,#2610,#2611));
#2613=FACE_BOUND('',#2612,.T.);
#2614=ADVANCED_FACE('',(#2613),#2584,.T.);
#2615=CARTESIAN_POINT('',(-73.,78.,0.01));
#2616=DIRECTION('',(0.,0.,1.));
#2617=DIRECTION('',(1.,0.,0.));
#2618=AXIS2_PLACEMENT_3D('',#2615,#2616,#2617);
#2619=PLANE('',#2618);
#2620=CARTESIAN_POINT('',(30.6,31.5,0.01));
#2621=VERTEX_POINT('',#2620);
#2622=CARTESIAN_POINT('',(29.,31.5,0.01));
#2623=DIRECTION('',(0.,0.,1.));
#2624=DIRECTION('',(1.,0.,-0.));
#2625=AXIS2_PLACEMENT_3D('',#2622,#2623,#2624);
#2626=CIRCLE('',#2625,1.6);
#2627=EDGE_CURVE('',#2621,#2621,#2626,.T.);
#2628=ORIENTED_EDGE('',*,*,#2627,.F.);
#2629=EDGE_LOOP('',(#2628));
#2630=FACE_BOUND('',#2629,.T.);
#2631=ORIENTED_EDGE('',*,*,#2600,.T.);
#2632=ORIENTED_EDGE('',*,*,#2607,.T.);
#2633=EDGE_LOOP('',(#2631,#2632));
#2634=FACE_BOUND('',#2633,.T.);
#2635=ADVANCED_FACE('',(#2630,#2634),#2619,.T.);
#2636=CARTESIAN_POINT('',(-73.,78.,-9.99));
#2637=DIRECTION('',(0.,0.,1.));
#2638=DIRECTION('',(1.,0.,0.));
#2639=AXIS2_PLACEMENT_3D('',#2636,#2637,#2638);
#2640=PLANE('',#2639);
#2641=CARTESIAN_POINT('',(-26.9,31.5,-9.99));
#2642=VERTEX_POINT('',#2641);
#2643=CARTESIAN_POINT('',(-28.5,31.5,-9.99));
#2644=DIRECTION('',(0.,0.,1.));
#2645=DIRECTION('',(1.,0.,-0.));
#2646=AXIS2_PLACEMENT_3D('',#2643,#2644,#2645);
#2647=CIRCLE('',#2646,1.6);
#2648=EDGE_CURVE('',#2642,#2642,#2647,.T.);
#2649=ORIENTED_EDGE('',*,*,#2648,.T.);
#2650=EDGE_LOOP('',(#2649));
#2651=FACE_BOUND('',#2650,.T.);
#2652=ADVANCED_FACE('',(#2651),#2640,.T.);
#2653=CARTESIAN_POINT('',(-28.5,31.5,-5.49));
#2654=DIRECTION('',(0.,0.,1.));
#2655=DIRECTION('',(1.,0.,-0.));
#2656=AXIS2_PLACEMENT_3D('',#2653,#2654,#2655);
#2657=CYLINDRICAL_SURFACE('',#2656,1.6);
#2658=CARTESIAN_POINT('',(-26.9,31.5,0.01));
#2659=DIRECTION('',(-0.,-0.,-1.));
#2660=VECTOR('',#2659,10.);
#2661=LINE('',#2658,#2660);
#2662=EDGE_CURVE('',#2453,#2642,#2661,.T.);
#2663=ORIENTED_EDGE('',*,*,#2662,.F.);
#2664=ORIENTED_EDGE('',*,*,#2459,.T.);
#2665=ORIENTED_EDGE('',*,*,#2662,.T.);
#2666=ORIENTED_EDGE('',*,*,#2648,.F.);
#2667=EDGE_LOOP('',(#2663,#2664,#2665,#2666));
#2668=FACE_BOUND('',#2667,.T.);
#2669=ADVANCED_FACE('',(#2668),#2657,.F.);
#2670=CARTESIAN_POINT('',(-73.,78.,-9.99));
#2671=DIRECTION('',(0.,0.,1.));
#2672=DIRECTION('',(1.,0.,0.));
#2673=AXIS2_PLACEMENT_3D('',#2670,#2671,#2672);
#2674=PLANE('',#2673);
#2675=CARTESIAN_POINT('',(30.6,-30.5,-9.99));
#2676=VERTEX_POINT('',#2675);
#2677=CARTESIAN_POINT('',(29.,-30.5,-9.99));
#2678=DIRECTION('',(0.,0.,1.));
#2679=DIRECTION('',(1.,0.,-0.));
#2680=AXIS2_PLACEMENT_3D('',#2677,#2678,#2679);
#2681=CIRCLE('',#2680,1.6);
#2682=EDGE_CURVE('',#2676,#2676,#2681,.T.);
#2683=ORIENTED_EDGE('',*,*,#2682,.T.);
#2684=EDGE_LOOP('',(#2683));
#2685=FACE_BOUND('',#2684,.T.);
#2686=ADVANCED_FACE('',(#2685),#2674,.T.);
#2687=CARTESIAN_POINT('',(29.,-30.5,-5.49));
#2688=DIRECTION('',(0.,0.,1.));
#2689=DIRECTION('',(1.,0.,-0.));
#2690=AXIS2_PLACEMENT_3D('',#2687,#2688,#2689);
#2691=CYLINDRICAL_SURFACE('',#2690,1.6);
#2692=CARTESIAN_POINT('',(30.6,-30.5,0.01));
#2693=DIRECTION('',(-0.,-0.,-1.));
#2694=VECTOR('',#2693,10.);
#2695=LINE('',#2692,#2694);
#2696=EDGE_CURVE('',#2509,#2676,#2695,.T.);
#2697=ORIENTED_EDGE('',*,*,#2696,.F.);
#2698=ORIENTED_EDGE('',*,*,#2515,.T.);
#2699=ORIENTED_EDGE('',*,*,#2696,.T.);
#2700=ORIENTED_EDGE('',*,*,#2682,.F.);
#2701=EDGE_LOOP('',(#2697,#2698,#2699,#2700));
#2702=FACE_BOUND('',#2701,.T.);
#2703=ADVANCED_FACE('',(#2702),#2691,.F.);
#2704=CARTESIAN_POINT('',(-73.,78.,-9.99));
#2705=DIRECTION('',(0.,0.,1.));
#2706=DIRECTION('',(1.,0.,0.));
#2707=AXIS2_PLACEMENT_3D('',#2704,#2705,#2706);
#2708=PLANE('',#2707);
#2709=CARTESIAN_POINT('',(-26.9,-30.5,-9.99));
#2710=VERTEX_POINT('',#2709);
#2711=CARTESIAN_POINT('',(-28.5,-30.5,-9.99));
#2712=DIRECTION('',(0.,0.,1.));
#2713=DIRECTION('',(1.,0.,-0.));
#2714=AXIS2_PLACEMENT_3D('',#2711,#2712,#2713);
#2715=CIRCLE('',#2714,1.6);
#2716=EDGE_CURVE('',#2710,#2710,#2715,.T.);
#2717=ORIENTED_EDGE('',*,*,#2716,.T.);
#2718=EDGE_LOOP('',(#2717));
#2719=FACE_BOUND('',#2718,.T.);
#2720=ADVANCED_FACE('',(#2719),#2708,.T.);
#2721=CARTESIAN_POINT('',(-28.5,-30.5,-5.49));
#2722=DIRECTION('',(0.,0.,1.));
#2723=DIRECTION('',(1.,0.,-0.));
#2724=AXIS2_PLACEMENT_3D('',#2721,#2722,#2723);
#2725=CYLINDRICAL_SURFACE('',#2724,1.6);
#2726=CARTESIAN_POINT('',(-26.9,-30.5,0.01));
#2727=DIRECTION('',(-0.,-0.,-1.));
#2728=VECTOR('',#2727,10.);
#2729=LINE('',#2726,#2728);
#2730=EDGE_CURVE('',#2565,#2710,#2729,.T.);
#2731=ORIENTED_EDGE('',*,*,#2730,.F.);
#2732=ORIENTED_EDGE('',*,*,#2571,.T.);
#2733=ORIENTED_EDGE('',*,*,#2730,.T.);
#2734=ORIENTED_EDGE('',*,*,#2716,.F.);
#2735=EDGE_LOOP('',(#2731,#2732,#2733,#2734));
#2736=FACE_BOUND('',#2735,.T.);
#2737=ADVANCED_FACE('',(#2736),#2725,.F.);
#2738=CARTESIAN_POINT('',(-73.,78.,-9.99));
#2739=DIRECTION('',(0.,0.,1.));
#2740=DIRECTION('',(1.,0.,0.));
#2741=AXIS2_PLACEMENT_3D('',#2738,#2739,#2740);
#2742=PLANE('',#2741);
#2743=CARTESIAN_POINT('',(30.6,31.5,-9.99));
#2744=VERTEX_POINT('',#2743);
#2745=CARTESIAN_POINT('',(29.,31.5,-9.99));
#2746=DIRECTION('',(0.,0.,1.));
#2747=DIRECTION('',(1.,0.,-0.));
#2748=AXIS2_PLACEMENT_3D('',#2745,#2746,#2747);
#2749=CIRCLE('',#2748,1.6);
#2750=EDGE_CURVE('',#2744,#2744,#2749,.T.);
#2751=ORIENTED_EDGE('',*,*,#2750,.T.);
#2752=EDGE_LOOP('',(#2751));
#2753=FACE_BOUND('',#2752,.T.);
#2754=ADVANCED_FACE('',(#2753),#2742,.T.);
#2755=CARTESIAN_POINT('',(29.,31.5,-5.49));
#2756=DIRECTION('',(0.,0.,1.));
#2757=DIRECTION('',(1.,0.,-0.));
#2758=AXIS2_PLACEMENT_3D('',#2755,#2756,#2757);
#2759=CYLINDRICAL_SURFACE('',#2758,1.6);
#2760=CARTESIAN_POINT('',(30.6,31.5,0.01));
#2761=DIRECTION('',(-0.,-0.,-1.));
#2762=VECTOR('',#2761,10.);
#2763=LINE('',#2760,#2762);
#2764=EDGE_CURVE('',#2621,#2744,#2763,.T.);
#2765=ORIENTED_EDGE('',*,*,#2764,.F.);
#2766=ORIENTED_EDGE('',*,*,#2627,.T.);
#2767=ORIENTED_EDGE('',*,*,#2764,.T.);
#2768=ORIENTED_EDGE('',*,*,#2750,.F.);
#2769=EDGE_LOOP('',(#2765,#2766,#2767,#2768));
#2770=FACE_BOUND('',#2769,.T.);
#2771=ADVANCED_FACE('',(#2770),#2759,.F.);
#2772=CARTESIAN_POINT('',(-11.75,78.,-1.99));
#2773=DIRECTION('',(0.707106781,0.,0.707106781));
#2774=DIRECTION('',(0.,-1.,0.));
#2775=AXIS2_PLACEMENT_3D('',#2772,#2773,#2774);
#2776=PLANE('',#2775);
#2777=ORIENTED_EDGE('',*,*,#2406,.F.);
#2778=CARTESIAN_POINT('',(-8.75,37.5,-4.99));
#2779=VERTEX_POINT('',#2778);
#2780=CARTESIAN_POINT('',(-6.25,37.5,-7.49));
#2781=DIRECTION('',(-0.707106781,-0.,0.707106781));
#2782=VECTOR('',#2781,3.535533906);
#2783=LINE('',#2780,#2782);
#2784=EDGE_CURVE('',#2395,#2779,#2783,.T.);
#2785=ORIENTED_EDGE('',*,*,#2784,.T.);
#2786=CARTESIAN_POINT('',(-8.75,35.5,-4.99));
#2787=DIRECTION('',(0.,1.,0.));
#2788=VECTOR('',#2787,2.);
#2789=LINE('',#2786,#2788);
#2790=EDGE_CURVE('',#1630,#2779,#2789,.T.);
#2791=ORIENTED_EDGE('',*,*,#2790,.F.);
#2792=ORIENTED_EDGE('',*,*,#1635,.F.);
#2793=EDGE_LOOP('',(#2777,#2785,#2791,#2792));
#2794=FACE_BOUND('',#2793,.T.);
#2795=ADVANCED_FACE('',(#2794),#2776,.T.);
#2796=CARTESIAN_POINT('',(-73.,78.,-4.99));
#2797=DIRECTION('',(0.,0.,1.));
#2798=DIRECTION('',(1.,0.,0.));
#2799=AXIS2_PLACEMENT_3D('',#2796,#2797,#2798);
#2800=PLANE('',#2799);
#2801=ORIENTED_EDGE('',*,*,#2790,.T.);
#2802=CARTESIAN_POINT('',(-8.75,37.5,-4.99));
#2803=DIRECTION('',(-1.,-0.,0.));
#2804=VECTOR('',#2803,13.041796067);
#2805=LINE('',#2802,#2804);
#2806=EDGE_CURVE('',#2779,#1816,#2805,.T.);
#2807=ORIENTED_EDGE('',*,*,#2806,.T.);
#2808=ORIENTED_EDGE('',*,*,#1822,.F.);
#2809=ORIENTED_EDGE('',*,*,#2147,.F.);
#2810=ORIENTED_EDGE('',*,*,#2362,.T.);
#2811=ORIENTED_EDGE('',*,*,#2166,.F.);
#2812=ORIENTED_EDGE('',*,*,#1595,.T.);
#2813=ORIENTED_EDGE('',*,*,#1641,.T.);
#2814=EDGE_LOOP('',(#2801,#2807,#2808,#2809,#2810,#2811,#2812,#2813));
#2815=FACE_BOUND('',#2814,.T.);
#2816=ADVANCED_FACE('',(#2815),#2800,.T.);
#2817=CARTESIAN_POINT('',(-73.,78.,-4.99));
#2818=DIRECTION('',(0.,0.,1.));
#2819=DIRECTION('',(1.,0.,0.));
#2820=AXIS2_PLACEMENT_3D('',#2817,#2818,#2819);
#2821=PLANE('',#2820);
#2822=ORIENTED_EDGE('',*,*,#1735,.F.);
#2823=CARTESIAN_POINT('',(22.291796067,37.5,-4.99));
#2824=DIRECTION('',(-1.,-0.,0.));
#2825=VECTOR('',#2824,13.041796068);
#2826=LINE('',#2823,#2825);
#2827=EDGE_CURVE('',#1720,#1213,#2826,.T.);
#2828=ORIENTED_EDGE('',*,*,#2827,.T.);
#2829=ORIENTED_EDGE('',*,*,#1218,.F.);
#2830=ORIENTED_EDGE('',*,*,#1618,.T.);
#2831=ORIENTED_EDGE('',*,*,#2344,.T.);
#2832=ORIENTED_EDGE('',*,*,#2191,.T.);
#2833=ORIENTED_EDGE('',*,*,#2380,.T.);
#2834=ORIENTED_EDGE('',*,*,#2221,.F.);
#2835=EDGE_LOOP('',(#2822,#2828,#2829,#2830,#2831,#2832,#2833,#2834));
#2836=FACE_BOUND('',#2835,.T.);
#2837=ADVANCED_FACE('',(#2836),#2821,.T.);
#2838=CARTESIAN_POINT('',(-73.,78.,-4.99));
#2839=DIRECTION('',(0.,0.,1.));
#2840=DIRECTION('',(1.,0.,0.));
#2841=AXIS2_PLACEMENT_3D('',#2838,#2839,#2840);
#2842=PLANE('',#2841);
#2843=ORIENTED_EDGE('',*,*,#2014,.F.);
#2844=CARTESIAN_POINT('',(-21.791796067,-36.5,-4.99));
#2845=DIRECTION('',(1.,-0.,-0.));
#2846=VECTOR('',#2845,44.083592135);
#2847=LINE('',#2844,#2846);
#2848=EDGE_CURVE('',#1999,#2287,#2847,.T.);
#2849=ORIENTED_EDGE('',*,*,#2848,.T.);
#2850=ORIENTED_EDGE('',*,*,#2293,.F.);
#2851=ORIENTED_EDGE('',*,*,#2077,.F.);
#2852=ORIENTED_EDGE('',*,*,#1459,.F.);
#2853=ORIENTED_EDGE('',*,*,#1567,.T.);
#2854=ORIENTED_EDGE('',*,*,#1496,.T.);
#2855=ORIENTED_EDGE('',*,*,#1549,.T.);
#2856=ORIENTED_EDGE('',*,*,#1527,.T.);
#2857=ORIENTED_EDGE('',*,*,#2099,.F.);
#2858=EDGE_LOOP('',(#2843,#2849,#2850,#2851,#2852,#2853,#2854,#2855,#2856,#2857));
#2859=FACE_BOUND('',#2858,.T.);
#2860=ADVANCED_FACE('',(#2859),#2842,.T.);
#2861=CARTESIAN_POINT('',(-73.,78.,-4.99));
#2862=DIRECTION('',(0.,0.,1.));
#2863=DIRECTION('',(1.,0.,0.));
#2864=AXIS2_PLACEMENT_3D('',#2861,#2862,#2863);
#2865=PLANE('',#2864);
#2866=ORIENTED_EDGE('',*,*,#1435,.F.);
#2867=CARTESIAN_POINT('',(31.35721239,-10.65613531,-4.99));
#2868=VERTEX_POINT('',#2867);
#2869=CARTESIAN_POINT('',(32.,-9.890090867,-4.99));
#2870=DIRECTION('',(-0.,-0.,-1.));
#2871=DIRECTION('',(1.,0.,-0.));
#2872=AXIS2_PLACEMENT_3D('',#2869,#2870,#2871);
#2873=CIRCLE('',#2872,1.);
#2874=EDGE_CURVE('',#1422,#2868,#2873,.T.);
#2875=ORIENTED_EDGE('',*,*,#2874,.T.);
#2876=CARTESIAN_POINT('',(27.714421136,-7.599470512,-4.99));
#2877=VERTEX_POINT('',#2876);
#2878=CARTESIAN_POINT('',(27.714421136,-7.599470512,-4.99));
#2879=DIRECTION('',(0.766044443,-0.64278761,0.));
#2880=VECTOR('',#2879,4.755326257);
#2881=LINE('',#2878,#2880);
#2882=EDGE_CURVE('',#2877,#2868,#2881,.T.);
#2883=ORIENTED_EDGE('',*,*,#2882,.F.);
#2884=CARTESIAN_POINT('',(27.,-6.067384684,-4.99));
#2885=VERTEX_POINT('',#2884);
#2886=CARTESIAN_POINT('',(29.,-6.067384684,-4.99));
#2887=DIRECTION('',(0.,0.,-1.));
#2888=DIRECTION('',(-1.,0.,0.));
#2889=AXIS2_PLACEMENT_3D('',#2886,#2887,#2888);
#2890=CIRCLE('',#2889,2.);
#2891=EDGE_CURVE('',#2877,#2885,#2890,.T.);
#2892=ORIENTED_EDGE('',*,*,#2891,.T.);
#2893=CARTESIAN_POINT('',(27.,7.067384684,-4.99));
#2894=VERTEX_POINT('',#2893);
#2895=CARTESIAN_POINT('',(27.,-6.067384684,-4.99));
#2896=DIRECTION('',(-0.,1.,0.));
#2897=VECTOR('',#2896,13.134769367);
#2898=LINE('',#2895,#2897);
#2899=EDGE_CURVE('',#2885,#2894,#2898,.T.);
#2900=ORIENTED_EDGE('',*,*,#2899,.T.);
#2901=CARTESIAN_POINT('',(27.714424781,8.59947357,-4.99));
#2902=VERTEX_POINT('',#2901);
#2903=CARTESIAN_POINT('',(29.,7.067384684,-4.99));
#2904=DIRECTION('',(0.,0.,-1.));
#2905=DIRECTION('',(-1.,0.,0.));
#2906=AXIS2_PLACEMENT_3D('',#2903,#2904,#2905);
#2907=CIRCLE('',#2906,2.);
#2908=EDGE_CURVE('',#2894,#2902,#2907,.T.);
#2909=ORIENTED_EDGE('',*,*,#2908,.T.);
#2910=CARTESIAN_POINT('',(31.35721239,11.65613531,-4.99));
#2911=VERTEX_POINT('',#2910);
#2912=CARTESIAN_POINT('',(27.714424781,8.59947357,-4.99));
#2913=DIRECTION('',(0.766044443,0.64278761,0.));
#2914=VECTOR('',#2913,4.755321499);
#2915=LINE('',#2912,#2914);
#2916=EDGE_CURVE('',#2902,#2911,#2915,.T.);
#2917=ORIENTED_EDGE('',*,*,#2916,.T.);
#2918=CARTESIAN_POINT('',(32.,10.890090867,-4.99));
#2919=DIRECTION('',(-0.,-0.,-1.));
#2920=DIRECTION('',(1.,0.,-0.));
#2921=AXIS2_PLACEMENT_3D('',#2918,#2919,#2920);
#2922=CIRCLE('',#2921,1.);
#2923=EDGE_CURVE('',#2911,#1430,#2922,.T.);
#2924=ORIENTED_EDGE('',*,*,#2923,.T.);
#2925=EDGE_LOOP('',(#2866,#2875,#2883,#2892,#2900,#2909,#2917,#2924));
#2926=FACE_BOUND('',#2925,.T.);
#2927=CARTESIAN_POINT('',(26.1074526,-9.514582029,-4.99));
#2928=VERTEX_POINT('',#2927);
#2929=CARTESIAN_POINT('',(26.1074526,-9.514582029,-4.99));
#2930=DIRECTION('',(0.766044443,-0.64278761,0.));
#2931=VECTOR('',#2930,5.08135975);
#2932=LINE('',#2929,#2931);
#2933=EDGE_CURVE('',#2928,#1086,#2932,.T.);
#2934=ORIENTED_EDGE('',*,*,#2933,.T.);
#2935=ORIENTED_EDGE('',*,*,#1093,.T.);
#2936=ORIENTED_EDGE('',*,*,#2281,.F.);
#2937=CARTESIAN_POINT('',(35.,-23.791796068,-4.99));
#2938=DIRECTION('',(-0.,1.,-0.));
#2939=VECTOR('',#2938,48.583592135);
#2940=LINE('',#2937,#2939);
#2941=EDGE_CURVE('',#2268,#1746,#2940,.T.);
#2942=ORIENTED_EDGE('',*,*,#2941,.T.);
#2943=ORIENTED_EDGE('',*,*,#1752,.F.);
#2944=ORIENTED_EDGE('',*,*,#1130,.F.);
#2945=CARTESIAN_POINT('',(26.107455756,10.514584678,-4.99));
#2946=VERTEX_POINT('',#2945);
#2947=CARTESIAN_POINT('',(26.107455756,10.514584678,-4.99));
#2948=DIRECTION('',(0.766044443,0.64278761,0.));
#2949=VECTOR('',#2948,5.08135563);
#2950=LINE('',#2947,#2949);
#2951=EDGE_CURVE('',#2946,#1117,#2950,.T.);
#2952=ORIENTED_EDGE('',*,*,#2951,.F.);
#2953=CARTESIAN_POINT('',(24.5,7.067384684,-4.99));
#2954=VERTEX_POINT('',#2953);
#2955=CARTESIAN_POINT('',(29.,7.067384684,-4.99));
#2956=DIRECTION('',(0.,0.,-1.));
#2957=DIRECTION('',(-1.,0.,0.));
#2958=AXIS2_PLACEMENT_3D('',#2955,#2956,#2957);
#2959=CIRCLE('',#2958,4.5);
#2960=EDGE_CURVE('',#2954,#2946,#2959,.T.);
#2961=ORIENTED_EDGE('',*,*,#2960,.F.);
#2962=CARTESIAN_POINT('',(24.5,-6.067387993,-4.99));
#2963=VERTEX_POINT('',#2962);
#2964=CARTESIAN_POINT('',(24.5,-6.067387993,-4.99));
#2965=DIRECTION('',(-0.,1.,0.));
#2966=VECTOR('',#2965,13.134772676);
#2967=LINE('',#2964,#2966);
#2968=EDGE_CURVE('',#2963,#2954,#2967,.T.);
#2969=ORIENTED_EDGE('',*,*,#2968,.F.);
#2970=CARTESIAN_POINT('',(29.,-6.067384684,-4.99));
#2971=DIRECTION('',(0.,0.,-1.));
#2972=DIRECTION('',(-1.,0.,0.));
#2973=AXIS2_PLACEMENT_3D('',#2970,#2971,#2972);
#2974=CIRCLE('',#2973,4.5);
#2975=EDGE_CURVE('',#2928,#2963,#2974,.T.);
#2976=ORIENTED_EDGE('',*,*,#2975,.F.);
#2977=EDGE_LOOP('',(#2934,#2935,#2936,#2942,#2943,#2944,#2952,#2961,#2969,#2976));
#2978=FACE_BOUND('',#2977,.T.);
#2979=ADVANCED_FACE('',(#2926,#2978),#2865,.T.);
#2980=OVER_RIDING_STYLED_ITEM('',(#73),#2979,#26);
#2981=CARTESIAN_POINT('',(38.,-24.17544468,-8.99));
#2982=DIRECTION('',(0.,0.,1.));
#2983=DIRECTION('',(1.,0.,-0.));
#2984=AXIS2_PLACEMENT_3D('',#2981,#2982,#2983);
#2985=CYLINDRICAL_SURFACE('',#2984,2.);
#2986=ORIENTED_EDGE('',*,*,#2253,.F.);
#2987=ORIENTED_EDGE('',*,*,#917,.T.);
#2988=ORIENTED_EDGE('',*,*,#1665,.F.);
#2989=CARTESIAN_POINT('',(38.,-24.17544468,-5.99));
#2990=DIRECTION('',(0.,0.,1.));
#2991=DIRECTION('',(1.,0.,-0.));
#2992=AXIS2_PLACEMENT_3D('',#2989,#2990,#2991);
#2993=CIRCLE('',#2992,2.);
#2994=EDGE_CURVE('',#1660,#2248,#2993,.T.);
#2995=ORIENTED_EDGE('',*,*,#2994,.T.);
#2996=EDGE_LOOP('',(#2986,#2987,#2988,#2995));
#2997=FACE_BOUND('',#2996,.T.);
#2998=ADVANCED_FACE('',(#2997),#2985,.F.);
#2999=CARTESIAN_POINT('',(22.67544468,-39.5,-8.99));
#3000=DIRECTION('',(0.,0.,1.));
#3001=DIRECTION('',(1.,0.,-0.));
#3002=AXIS2_PLACEMENT_3D('',#2999,#3000,#3001);
#3003=CYLINDRICAL_SURFACE('',#3002,2.);
#3004=ORIENTED_EDGE('',*,*,#2054,.F.);
#3005=ORIENTED_EDGE('',*,*,#944,.F.);
#3006=ORIENTED_EDGE('',*,*,#2320,.F.);
#3007=CARTESIAN_POINT('',(22.67544468,-39.5,-5.99));
#3008=DIRECTION('',(0.,0.,1.));
#3009=DIRECTION('',(1.,0.,-0.));
#3010=AXIS2_PLACEMENT_3D('',#3007,#3008,#3009);
#3011=CIRCLE('',#3010,2.);
#3012=EDGE_CURVE('',#2305,#2049,#3011,.T.);
#3013=ORIENTED_EDGE('',*,*,#3012,.T.);
#3014=EDGE_LOOP('',(#3004,#3005,#3006,#3013));
#3015=FACE_BOUND('',#3014,.T.);
#3016=ADVANCED_FACE('',(#3015),#3003,.F.);
#3017=CARTESIAN_POINT('',(-22.17544468,40.5,-8.99));
#3018=DIRECTION('',(0.,0.,1.));
#3019=DIRECTION('',(1.,0.,-0.));
#3020=AXIS2_PLACEMENT_3D('',#3017,#3018,#3019);
#3021=CYLINDRICAL_SURFACE('',#3020,2.);
#3022=ORIENTED_EDGE('',*,*,#1162,.F.);
#3023=ORIENTED_EDGE('',*,*,#856,.F.);
#3024=ORIENTED_EDGE('',*,*,#1849,.F.);
#3025=CARTESIAN_POINT('',(-22.17544468,40.5,-5.99));
#3026=DIRECTION('',(0.,0.,1.));
#3027=DIRECTION('',(1.,0.,-0.));
#3028=AXIS2_PLACEMENT_3D('',#3025,#3026,#3027);
#3029=CIRCLE('',#3028,2.);
#3030=EDGE_CURVE('',#1834,#1157,#3029,.T.);
#3031=ORIENTED_EDGE('',*,*,#3030,.T.);
#3032=EDGE_LOOP('',(#3022,#3023,#3024,#3031));
#3033=FACE_BOUND('',#3032,.T.);
#3034=ADVANCED_FACE('',(#3033),#3021,.F.);
#3035=CARTESIAN_POINT('',(22.67544468,40.5,-8.99));
#3036=DIRECTION('',(0.,0.,1.));
#3037=DIRECTION('',(1.,0.,-0.));
#3038=AXIS2_PLACEMENT_3D('',#3035,#3036,#3037);
#3039=CYLINDRICAL_SURFACE('',#3038,2.);
#3040=ORIENTED_EDGE('',*,*,#1705,.F.);
#3041=ORIENTED_EDGE('',*,*,#873,.T.);
#3042=ORIENTED_EDGE('',*,*,#1153,.F.);
#3043=CARTESIAN_POINT('',(22.67544468,40.5,-5.99));
#3044=DIRECTION('',(0.,0.,1.));
#3045=DIRECTION('',(1.,0.,-0.));
#3046=AXIS2_PLACEMENT_3D('',#3043,#3044,#3045);
#3047=CIRCLE('',#3046,2.);
#3048=EDGE_CURVE('',#1148,#1700,#3047,.T.);
#3049=ORIENTED_EDGE('',*,*,#3048,.T.);
#3050=EDGE_LOOP('',(#3040,#3041,#3042,#3049));
#3051=FACE_BOUND('',#3050,.T.);
#3052=ADVANCED_FACE('',(#3051),#3039,.F.);
#3053=CARTESIAN_POINT('',(38.,25.17544468,-8.99));
#3054=DIRECTION('',(0.,0.,1.));
#3055=DIRECTION('',(1.,0.,-0.));
#3056=AXIS2_PLACEMENT_3D('',#3053,#3054,#3055);
#3057=CYLINDRICAL_SURFACE('',#3056,2.);
#3058=ORIENTED_EDGE('',*,*,#1674,.F.);
#3059=ORIENTED_EDGE('',*,*,#900,.T.);
#3060=ORIENTED_EDGE('',*,*,#1779,.F.);
#3061=CARTESIAN_POINT('',(38.,25.17544468,-5.99));
#3062=DIRECTION('',(0.,0.,1.));
#3063=DIRECTION('',(1.,0.,-0.));
#3064=AXIS2_PLACEMENT_3D('',#3061,#3062,#3063);
#3065=CIRCLE('',#3064,2.);
#3066=EDGE_CURVE('',#1764,#1669,#3065,.T.);
#3067=ORIENTED_EDGE('',*,*,#3066,.T.);
#3068=EDGE_LOOP('',(#3058,#3059,#3060,#3067));
#3069=FACE_BOUND('',#3068,.T.);
#3070=ADVANCED_FACE('',(#3069),#3057,.F.);
#3071=CARTESIAN_POINT('',(-37.5,-24.17544468,-8.99));
#3072=DIRECTION('',(0.,0.,1.));
#3073=DIRECTION('',(1.,0.,-0.));
#3074=AXIS2_PLACEMENT_3D('',#3071,#3072,#3073);
#3075=CYLINDRICAL_SURFACE('',#3074,2.);
#3076=ORIENTED_EDGE('',*,*,#1918,.F.);
#3077=ORIENTED_EDGE('',*,*,#979,.F.);
#3078=ORIENTED_EDGE('',*,*,#1975,.F.);
#3079=CARTESIAN_POINT('',(-37.5,-24.17544468,-5.99));
#3080=DIRECTION('',(0.,0.,1.));
#3081=DIRECTION('',(1.,0.,-0.));
#3082=AXIS2_PLACEMENT_3D('',#3079,#3080,#3081);
#3083=CIRCLE('',#3082,2.);
#3084=EDGE_CURVE('',#1960,#1913,#3083,.T.);
#3085=ORIENTED_EDGE('',*,*,#3084,.T.);
#3086=EDGE_LOOP('',(#3076,#3077,#3078,#3085));
#3087=FACE_BOUND('',#3086,.T.);
#3088=ADVANCED_FACE('',(#3087),#3075,.F.);
#3089=CARTESIAN_POINT('',(-22.17544468,-39.5,-8.99));
#3090=DIRECTION('',(0.,0.,1.));
#3091=DIRECTION('',(1.,0.,-0.));
#3092=AXIS2_PLACEMENT_3D('',#3089,#3090,#3091);
#3093=CYLINDRICAL_SURFACE('',#3092,2.);
#3094=ORIENTED_EDGE('',*,*,#1984,.F.);
#3095=ORIENTED_EDGE('',*,*,#961,.F.);
#3096=ORIENTED_EDGE('',*,*,#2045,.F.);
#3097=CARTESIAN_POINT('',(-22.17544468,-39.5,-5.99));
#3098=DIRECTION('',(0.,0.,1.));
#3099=DIRECTION('',(1.,0.,-0.));
#3100=AXIS2_PLACEMENT_3D('',#3097,#3098,#3099);
#3101=CIRCLE('',#3100,2.);
#3102=EDGE_CURVE('',#2040,#1979,#3101,.T.);
#3103=ORIENTED_EDGE('',*,*,#3102,.T.);
#3104=EDGE_LOOP('',(#3094,#3095,#3096,#3103));
#3105=FACE_BOUND('',#3104,.T.);
#3106=ADVANCED_FACE('',(#3105),#3093,.F.);
#3107=CARTESIAN_POINT('',(-37.5,25.17544468,-8.99));
#3108=DIRECTION('',(0.,0.,1.));
#3109=DIRECTION('',(1.,0.,-0.));
#3110=AXIS2_PLACEMENT_3D('',#3107,#3108,#3109);
#3111=CYLINDRICAL_SURFACE('',#3110,2.);
#3112=ORIENTED_EDGE('',*,*,#1858,.F.);
#3113=ORIENTED_EDGE('',*,*,#994,.F.);
#3114=ORIENTED_EDGE('',*,*,#1909,.F.);
#3115=CARTESIAN_POINT('',(-37.5,25.17544468,-5.99));
#3116=DIRECTION('',(0.,0.,1.));
#3117=DIRECTION('',(1.,0.,-0.));
#3118=AXIS2_PLACEMENT_3D('',#3115,#3116,#3117);
#3119=CIRCLE('',#3118,2.);
#3120=EDGE_CURVE('',#1904,#1853,#3119,.T.);
#3121=ORIENTED_EDGE('',*,*,#3120,.T.);
#3122=EDGE_LOOP('',(#3112,#3113,#3114,#3121));
#3123=FACE_BOUND('',#3122,.T.);
#3124=ADVANCED_FACE('',(#3123),#3111,.F.);
#3125=CARTESIAN_POINT('',(-28.5,31.5,-2.99));
#3126=DIRECTION('',(0.,0.,1.));
#3127=DIRECTION('',(1.,0.,-0.));
#3128=AXIS2_PLACEMENT_3D('',#3125,#3126,#3127);
#3129=TOROIDAL_SURFACE('',#3128,8.,1.);
#3130=CARTESIAN_POINT('',(-20.5,31.5,-2.99));
#3131=DIRECTION('',(-0.,1.,-0.));
#3132=DIRECTION('',(1.,0.,0.));
#3133=AXIS2_PLACEMENT_3D('',#3130,#3131,#3132);
#3134=CIRCLE('',#3133,1.);
#3135=EDGE_CURVE('',#1251,#1799,#3134,.T.);
#3136=ORIENTED_EDGE('',*,*,#3135,.T.);
#3137=ORIENTED_EDGE('',*,*,#1893,.F.);
#3138=ORIENTED_EDGE('',*,*,#3135,.F.);
#3139=ORIENTED_EDGE('',*,*,#1257,.F.);
#3140=EDGE_LOOP('',(#3136,#3137,#3138,#3139));
#3141=FACE_BOUND('',#3140,.T.);
#3142=ADVANCED_FACE('',(#3141),#3129,.T.);
#3143=CARTESIAN_POINT('',(-28.5,-30.5,-2.99));
#3144=DIRECTION('',(0.,0.,1.));
#3145=DIRECTION('',(1.,0.,-0.));
#3146=AXIS2_PLACEMENT_3D('',#3143,#3144,#3145);
#3147=TOROIDAL_SURFACE('',#3146,8.,1.);
#3148=CARTESIAN_POINT('',(-20.5,-30.5,-2.99));
#3149=DIRECTION('',(-0.,1.,-0.));
#3150=DIRECTION('',(1.,0.,0.));
#3151=AXIS2_PLACEMENT_3D('',#3148,#3149,#3150);
#3152=CIRCLE('',#3151,1.);
#3153=EDGE_CURVE('',#1288,#1935,#3152,.T.);
#3154=ORIENTED_EDGE('',*,*,#3153,.T.);
#3155=ORIENTED_EDGE('',*,*,#2029,.F.);
#3156=ORIENTED_EDGE('',*,*,#3153,.F.);
#3157=ORIENTED_EDGE('',*,*,#1294,.F.);
#3158=EDGE_LOOP('',(#3154,#3155,#3156,#3157));
#3159=FACE_BOUND('',#3158,.T.);
#3160=ADVANCED_FACE('',(#3159),#3147,.T.);
#3161=CARTESIAN_POINT('',(29.,-30.5,-2.99));
#3162=DIRECTION('',(0.,0.,1.));
#3163=DIRECTION('',(1.,0.,-0.));
#3164=AXIS2_PLACEMENT_3D('',#3161,#3162,#3163);
#3165=TOROIDAL_SURFACE('',#3164,8.,1.);
#3166=CARTESIAN_POINT('',(37.,-30.5,-2.99));
#3167=DIRECTION('',(-0.,1.,-0.));
#3168=DIRECTION('',(1.,0.,0.));
#3169=AXIS2_PLACEMENT_3D('',#3166,#3167,#3168);
#3170=CIRCLE('',#3169,1.);
#3171=EDGE_CURVE('',#1384,#2239,#3170,.T.);
#3172=ORIENTED_EDGE('',*,*,#3171,.T.);
#3173=ORIENTED_EDGE('',*,*,#2329,.F.);
#3174=ORIENTED_EDGE('',*,*,#3171,.F.);
#3175=ORIENTED_EDGE('',*,*,#1390,.F.);
#3176=EDGE_LOOP('',(#3172,#3173,#3174,#3175));
#3177=FACE_BOUND('',#3176,.T.);
#3178=ADVANCED_FACE('',(#3177),#3165,.T.);
#3179=CARTESIAN_POINT('',(29.,31.5,-2.99));
#3180=DIRECTION('',(0.,0.,1.));
#3181=DIRECTION('',(1.,0.,-0.));
#3182=AXIS2_PLACEMENT_3D('',#3179,#3180,#3181);
#3183=TOROIDAL_SURFACE('',#3182,8.,1.);
#3184=CARTESIAN_POINT('',(37.,31.5,-2.99));
#3185=DIRECTION('',(-0.,1.,-0.));
#3186=DIRECTION('',(1.,0.,0.));
#3187=AXIS2_PLACEMENT_3D('',#3184,#3185,#3186);
#3188=CIRCLE('',#3187,1.);
#3189=EDGE_CURVE('',#1347,#1691,#3188,.T.);
#3190=ORIENTED_EDGE('',*,*,#3189,.T.);
#3191=ORIENTED_EDGE('',*,*,#1788,.F.);
#3192=ORIENTED_EDGE('',*,*,#3189,.F.);
#3193=ORIENTED_EDGE('',*,*,#1353,.F.);
#3194=EDGE_LOOP('',(#3190,#3191,#3192,#3193));
#3195=FACE_BOUND('',#3194,.T.);
#3196=ADVANCED_FACE('',(#3195),#3183,.T.);
#3197=CARTESIAN_POINT('',(-37.5,25.17544468,-5.99));
#3198=DIRECTION('',(0.,0.,1.));
#3199=DIRECTION('',(1.,0.,-0.));
#3200=AXIS2_PLACEMENT_3D('',#3197,#3198,#3199);
#3201=TOROIDAL_SURFACE('',#3200,3.,1.);
#3202=ORIENTED_EDGE('',*,*,#1870,.F.);
#3203=ORIENTED_EDGE('',*,*,#3120,.F.);
#3204=CARTESIAN_POINT('',(-34.5,25.17544468,-5.99));
#3205=DIRECTION('',(0.,-1.,0.));
#3206=DIRECTION('',(0.,0.,-1.));
#3207=AXIS2_PLACEMENT_3D('',#3204,#3205,#3206);
#3208=CIRCLE('',#3207,1.);
#3209=EDGE_CURVE('',#1861,#1904,#3208,.T.);
#3210=ORIENTED_EDGE('',*,*,#3209,.F.);
#3211=EDGE_LOOP('',(#3202,#3203,#3210));
#3212=FACE_BOUND('',#3211,.T.);
#3213=ADVANCED_FACE('',(#3212),#3201,.T.);
#3214=CARTESIAN_POINT('',(-34.5,13.171572875,-5.99));
#3215=DIRECTION('',(0.,-1.,0.));
#3216=DIRECTION('',(0.,0.,-1.));
#3217=AXIS2_PLACEMENT_3D('',#3214,#3215,#3216);
#3218=CYLINDRICAL_SURFACE('',#3217,1.);
#3219=ORIENTED_EDGE('',*,*,#3209,.T.);
#3220=ORIENTED_EDGE('',*,*,#1924,.F.);
#3221=CARTESIAN_POINT('',(-34.5,-24.17544468,-5.99));
#3222=DIRECTION('',(0.,-1.,0.));
#3223=DIRECTION('',(0.,0.,-1.));
#3224=AXIS2_PLACEMENT_3D('',#3221,#3222,#3223);
#3225=CIRCLE('',#3224,1.);
#3226=EDGE_CURVE('',#1951,#1913,#3225,.T.);
#3227=ORIENTED_EDGE('',*,*,#3226,.F.);
#3228=ORIENTED_EDGE('',*,*,#1957,.F.);
#3229=ORIENTED_EDGE('',*,*,#440,.F.);
#3230=ORIENTED_EDGE('',*,*,#1877,.F.);
#3231=EDGE_LOOP('',(#3219,#3220,#3227,#3228,#3229,#3230));
#3232=FACE_BOUND('',#3231,.T.);
#3233=ADVANCED_FACE('',(#3232),#3218,.T.);
#3234=CARTESIAN_POINT('',(-37.5,-24.17544468,-5.99));
#3235=DIRECTION('',(0.,0.,1.));
#3236=DIRECTION('',(1.,0.,-0.));
#3237=AXIS2_PLACEMENT_3D('',#3234,#3235,#3236);
#3238=TOROIDAL_SURFACE('',#3237,3.,1.);
#3239=ORIENTED_EDGE('',*,*,#3226,.T.);
#3240=ORIENTED_EDGE('',*,*,#3084,.F.);
#3241=ORIENTED_EDGE('',*,*,#1969,.F.);
#3242=EDGE_LOOP('',(#3239,#3240,#3241));
#3243=FACE_BOUND('',#3242,.T.);
#3244=ADVANCED_FACE('',(#3243),#3238,.T.);
#3245=CARTESIAN_POINT('',(38.,-24.17544468,-5.99));
#3246=DIRECTION('',(0.,0.,1.));
#3247=DIRECTION('',(1.,0.,-0.));
#3248=AXIS2_PLACEMENT_3D('',#3245,#3246,#3247);
#3249=TOROIDAL_SURFACE('',#3248,3.,1.);
#3250=ORIENTED_EDGE('',*,*,#2265,.F.);
#3251=ORIENTED_EDGE('',*,*,#2994,.F.);
#3252=CARTESIAN_POINT('',(35.,-24.17544468,-5.99));
#3253=DIRECTION('',(0.,1.,0.));
#3254=DIRECTION('',(0.,-0.,1.));
#3255=AXIS2_PLACEMENT_3D('',#3252,#3253,#3254);
#3256=CIRCLE('',#3255,1.);
#3257=EDGE_CURVE('',#2256,#1660,#3256,.T.);
#3258=ORIENTED_EDGE('',*,*,#3257,.F.);
#3259=EDGE_LOOP('',(#3250,#3251,#3258));
#3260=FACE_BOUND('',#3259,.T.);
#3261=ADVANCED_FACE('',(#3260),#3249,.T.);
#3262=CARTESIAN_POINT('',(35.,-12.171572875,-5.99));
#3263=DIRECTION('',(0.,1.,0.));
#3264=DIRECTION('',(0.,-0.,1.));
#3265=AXIS2_PLACEMENT_3D('',#3262,#3263,#3264);
#3266=CYLINDRICAL_SURFACE('',#3265,1.);
#3267=ORIENTED_EDGE('',*,*,#3257,.T.);
#3268=ORIENTED_EDGE('',*,*,#1680,.F.);
#3269=CARTESIAN_POINT('',(35.,25.17544468,-5.99));
#3270=DIRECTION('',(0.,1.,0.));
#3271=DIRECTION('',(0.,-0.,1.));
#3272=AXIS2_PLACEMENT_3D('',#3269,#3270,#3271);
#3273=CIRCLE('',#3272,1.);
#3274=EDGE_CURVE('',#1755,#1669,#3273,.T.);
#3275=ORIENTED_EDGE('',*,*,#3274,.F.);
#3276=ORIENTED_EDGE('',*,*,#1761,.F.);
#3277=ORIENTED_EDGE('',*,*,#2941,.F.);
#3278=ORIENTED_EDGE('',*,*,#2274,.F.);
#3279=EDGE_LOOP('',(#3267,#3268,#3275,#3276,#3277,#3278));
#3280=FACE_BOUND('',#3279,.T.);
#3281=ADVANCED_FACE('',(#3280),#3266,.T.);
#3282=CARTESIAN_POINT('',(38.,25.17544468,-5.99));
#3283=DIRECTION('',(0.,0.,1.));
#3284=DIRECTION('',(1.,0.,-0.));
#3285=AXIS2_PLACEMENT_3D('',#3282,#3283,#3284);
#3286=TOROIDAL_SURFACE('',#3285,3.,1.);
#3287=ORIENTED_EDGE('',*,*,#3274,.T.);
#3288=ORIENTED_EDGE('',*,*,#3066,.F.);
#3289=ORIENTED_EDGE('',*,*,#1773,.F.);
#3290=EDGE_LOOP('',(#3287,#3288,#3289));
#3291=FACE_BOUND('',#3290,.T.);
#3292=ADVANCED_FACE('',(#3291),#3286,.T.);
#3293=CARTESIAN_POINT('',(-22.17544468,-39.5,-5.99));
#3294=DIRECTION('',(0.,0.,1.));
#3295=DIRECTION('',(1.,0.,-0.));
#3296=AXIS2_PLACEMENT_3D('',#3293,#3294,#3295);
#3297=TOROIDAL_SURFACE('',#3296,3.,1.);
#3298=ORIENTED_EDGE('',*,*,#1996,.F.);
#3299=ORIENTED_EDGE('',*,*,#3102,.F.);
#3300=CARTESIAN_POINT('',(-22.17544468,-36.5,-5.99));
#3301=DIRECTION('',(1.,0.,0.));
#3302=DIRECTION('',(0.,0.,-1.));
#3303=AXIS2_PLACEMENT_3D('',#3300,#3301,#3302);
#3304=CIRCLE('',#3303,1.);
#3305=EDGE_CURVE('',#1987,#2040,#3304,.T.);
#3306=ORIENTED_EDGE('',*,*,#3305,.F.);
#3307=EDGE_LOOP('',(#3298,#3299,#3306));
#3308=FACE_BOUND('',#3307,.T.);
#3309=ADVANCED_FACE('',(#3308),#3297,.T.);
#3310=CARTESIAN_POINT('',(-11.296572875,-36.5,-5.99));
#3311=DIRECTION('',(1.,0.,0.));
#3312=DIRECTION('',(0.,0.,-1.));
#3313=AXIS2_PLACEMENT_3D('',#3310,#3311,#3312);
#3314=CYLINDRICAL_SURFACE('',#3313,1.);
#3315=ORIENTED_EDGE('',*,*,#3305,.T.);
#3316=ORIENTED_EDGE('',*,*,#2060,.F.);
#3317=CARTESIAN_POINT('',(22.67544468,-36.5,-5.99));
#3318=DIRECTION('',(1.,0.,0.));
#3319=DIRECTION('',(0.,0.,-1.));
#3320=AXIS2_PLACEMENT_3D('',#3317,#3318,#3319);
#3321=CIRCLE('',#3320,1.);
#3322=EDGE_CURVE('',#2296,#2049,#3321,.T.);
#3323=ORIENTED_EDGE('',*,*,#3322,.F.);
#3324=ORIENTED_EDGE('',*,*,#2302,.F.);
#3325=ORIENTED_EDGE('',*,*,#2848,.F.);
#3326=ORIENTED_EDGE('',*,*,#2005,.F.);
#3327=EDGE_LOOP('',(#3315,#3316,#3323,#3324,#3325,#3326));
#3328=FACE_BOUND('',#3327,.T.);
#3329=ADVANCED_FACE('',(#3328),#3314,.T.);
#3330=CARTESIAN_POINT('',(22.67544468,-39.5,-5.99));
#3331=DIRECTION('',(0.,0.,1.));
#3332=DIRECTION('',(1.,0.,-0.));
#3333=AXIS2_PLACEMENT_3D('',#3330,#3331,#3332);
#3334=TOROIDAL_SURFACE('',#3333,3.,1.);
#3335=ORIENTED_EDGE('',*,*,#3322,.T.);
#3336=ORIENTED_EDGE('',*,*,#3012,.F.);
#3337=ORIENTED_EDGE('',*,*,#2314,.F.);
#3338=EDGE_LOOP('',(#3335,#3336,#3337));
#3339=FACE_BOUND('',#3338,.T.);
#3340=ADVANCED_FACE('',(#3339),#3334,.T.);
#3341=CARTESIAN_POINT('',(22.67544468,40.5,-5.99));
#3342=DIRECTION('',(0.,0.,1.));
#3343=DIRECTION('',(1.,0.,-0.));
#3344=AXIS2_PLACEMENT_3D('',#3341,#3342,#3343);
#3345=TOROIDAL_SURFACE('',#3344,3.,1.);
#3346=ORIENTED_EDGE('',*,*,#1717,.F.);
#3347=ORIENTED_EDGE('',*,*,#3048,.F.);
#3348=CARTESIAN_POINT('',(22.67544468,37.5,-5.99));
#3349=DIRECTION('',(-1.,0.,0.));
#3350=DIRECTION('',(0.,0.,1.));
#3351=AXIS2_PLACEMENT_3D('',#3348,#3349,#3350);
#3352=CIRCLE('',#3351,1.);
#3353=EDGE_CURVE('',#1708,#1148,#3352,.T.);
#3354=ORIENTED_EDGE('',*,*,#3353,.F.);
#3355=EDGE_LOOP('',(#3346,#3347,#3354));
#3356=FACE_BOUND('',#3355,.T.);
#3357=ADVANCED_FACE('',(#3356),#3345,.T.);
#3358=CARTESIAN_POINT('',(11.796572875,37.5,-5.99));
#3359=DIRECTION('',(-1.,0.,0.));
#3360=DIRECTION('',(0.,0.,1.));
#3361=AXIS2_PLACEMENT_3D('',#3358,#3359,#3360);
#3362=CYLINDRICAL_SURFACE('',#3361,1.);
#3363=ORIENTED_EDGE('',*,*,#3353,.T.);
#3364=ORIENTED_EDGE('',*,*,#1200,.F.);
#3365=CARTESIAN_POINT('',(9.664213562,37.5,-5.99));
#3366=DIRECTION('',(-0.923879533,0.,-0.382683432));
#3367=DIRECTION('',(-0.382683432,0.,0.923879533));
#3368=AXIS2_PLACEMENT_3D('',#3365,#3366,#3367);
#3369=ELLIPSE('',#3368,1.0823922,1.);
#3370=EDGE_CURVE('',#1213,#1189,#3369,.T.);
#3371=ORIENTED_EDGE('',*,*,#3370,.F.);
#3372=ORIENTED_EDGE('',*,*,#2827,.F.);
#3373=ORIENTED_EDGE('',*,*,#1726,.F.);
#3374=EDGE_LOOP('',(#3363,#3364,#3371,#3372,#3373));
#3375=FACE_BOUND('',#3374,.T.);
#3376=ADVANCED_FACE('',(#3375),#3362,.T.);
#3377=CARTESIAN_POINT('',(9.730393219,37.5,-5.923820344));
#3378=DIRECTION('',(-0.707106781,0.,-0.707106781));
#3379=DIRECTION('',(-0.707106781,0.,0.707106781));
#3380=AXIS2_PLACEMENT_3D('',#3377,#3378,#3379);
#3381=CYLINDRICAL_SURFACE('',#3380,1.);
#3382=ORIENTED_EDGE('',*,*,#3370,.T.);
#3383=ORIENTED_EDGE('',*,*,#1194,.F.);
#3384=CARTESIAN_POINT('',(7.164213562,37.5,-8.49));
#3385=DIRECTION('',(-0.923879533,0.,-0.382683432));
#3386=DIRECTION('',(0.382683432,0.,-0.923879533));
#3387=AXIS2_PLACEMENT_3D('',#3384,#3385,#3386);
#3388=ELLIPSE('',#3387,1.0823922,1.);
#3389=EDGE_CURVE('',#1221,#1181,#3388,.T.);
#3390=ORIENTED_EDGE('',*,*,#3389,.F.);
#3391=ORIENTED_EDGE('',*,*,#1226,.F.);
#3392=EDGE_LOOP('',(#3382,#3383,#3390,#3391));
#3393=FACE_BOUND('',#3392,.T.);
#3394=ADVANCED_FACE('',(#3393),#3381,.T.);
#3395=CARTESIAN_POINT('',(11.796572875,37.5,-8.49));
#3396=DIRECTION('',(1.,0.,-0.));
#3397=DIRECTION('',(-0.,0.,-1.));
#3398=AXIS2_PLACEMENT_3D('',#3395,#3396,#3397);
#3399=CYLINDRICAL_SURFACE('',#3398,1.);
#3400=ORIENTED_EDGE('',*,*,#3389,.T.);
#3401=ORIENTED_EDGE('',*,*,#1186,.F.);
#3402=CARTESIAN_POINT('',(-6.664213562,37.5,-8.49));
#3403=DIRECTION('',(-0.923879533,-0.,0.382683432));
#3404=DIRECTION('',(0.382683432,0.,0.923879533));
#3405=AXIS2_PLACEMENT_3D('',#3402,#3403,#3404);
#3406=ELLIPSE('',#3405,1.0823922,1.);
#3407=EDGE_CURVE('',#2395,#1173,#3406,.T.);
#3408=ORIENTED_EDGE('',*,*,#3407,.F.);
#3409=ORIENTED_EDGE('',*,*,#2400,.F.);
#3410=EDGE_LOOP('',(#3400,#3401,#3408,#3409));
#3411=FACE_BOUND('',#3410,.T.);
#3412=ADVANCED_FACE('',(#3411),#3399,.T.);
#3413=CARTESIAN_POINT('',(2.316179656,37.5,-17.470393219));
#3414=DIRECTION('',(-0.707106781,0.,0.707106781));
#3415=DIRECTION('',(0.707106781,0.,0.707106781));
#3416=AXIS2_PLACEMENT_3D('',#3413,#3414,#3415);
#3417=CYLINDRICAL_SURFACE('',#3416,1.);
#3418=ORIENTED_EDGE('',*,*,#3407,.T.);
#3419=ORIENTED_EDGE('',*,*,#1178,.F.);
#3420=CARTESIAN_POINT('',(-9.164213562,37.5,-5.99));
#3421=DIRECTION('',(-0.923879533,0.,0.382683432));
#3422=DIRECTION('',(0.382683432,0.,0.923879533));
#3423=AXIS2_PLACEMENT_3D('',#3420,#3421,#3422);
#3424=ELLIPSE('',#3423,1.0823922,1.);
#3425=EDGE_CURVE('',#2779,#1165,#3424,.T.);
#3426=ORIENTED_EDGE('',*,*,#3425,.F.);
#3427=ORIENTED_EDGE('',*,*,#2784,.F.);
#3428=EDGE_LOOP('',(#3418,#3419,#3426,#3427));
#3429=FACE_BOUND('',#3428,.T.);
#3430=ADVANCED_FACE('',(#3429),#3417,.T.);
#3431=CARTESIAN_POINT('',(11.796572875,37.5,-5.99));
#3432=DIRECTION('',(-1.,0.,0.));
#3433=DIRECTION('',(0.,0.,1.));
#3434=AXIS2_PLACEMENT_3D('',#3431,#3432,#3433);
#3435=CYLINDRICAL_SURFACE('',#3434,1.);
#3436=ORIENTED_EDGE('',*,*,#3425,.T.);
#3437=ORIENTED_EDGE('',*,*,#1170,.F.);
#3438=CARTESIAN_POINT('',(-22.17544468,37.5,-5.99));
#3439=DIRECTION('',(-1.,0.,0.));
#3440=DIRECTION('',(0.,0.,1.));
#3441=AXIS2_PLACEMENT_3D('',#3438,#3439,#3440);
#3442=CIRCLE('',#3441,1.);
#3443=EDGE_CURVE('',#1825,#1157,#3442,.T.);
#3444=ORIENTED_EDGE('',*,*,#3443,.F.);
#3445=ORIENTED_EDGE('',*,*,#1831,.F.);
#3446=ORIENTED_EDGE('',*,*,#2806,.F.);
#3447=EDGE_LOOP('',(#3436,#3437,#3444,#3445,#3446));
#3448=FACE_BOUND('',#3447,.T.);
#3449=ADVANCED_FACE('',(#3448),#3435,.T.);
#3450=CARTESIAN_POINT('',(-22.17544468,40.5,-5.99));
#3451=DIRECTION('',(0.,0.,1.));
#3452=DIRECTION('',(1.,0.,-0.));
#3453=AXIS2_PLACEMENT_3D('',#3450,#3451,#3452);
#3454=TOROIDAL_SURFACE('',#3453,3.,1.);
#3455=ORIENTED_EDGE('',*,*,#3443,.T.);
#3456=ORIENTED_EDGE('',*,*,#3030,.F.);
#3457=ORIENTED_EDGE('',*,*,#1843,.F.);
#3458=EDGE_LOOP('',(#3455,#3456,#3457));
#3459=FACE_BOUND('',#3458,.T.);
#3460=ADVANCED_FACE('',(#3459),#3454,.T.);
#3461=CARTESIAN_POINT('',(-28.5,31.5,-10.49));
#3462=DIRECTION('',(0.,0.,-1.));
#3463=DIRECTION('',(-1.,0.,0.));
#3464=AXIS2_PLACEMENT_3D('',#3461,#3462,#3463);
#3465=CYLINDRICAL_SURFACE('',#3464,5.);
#3466=CARTESIAN_POINT('',(-33.5,31.5,-10.49));
#3467=VERTEX_POINT('',#3466);
#3468=CARTESIAN_POINT('',(-33.5,31.5,-10.99));
#3469=DIRECTION('',(-0.,-0.,1.));
#3470=VECTOR('',#3469,0.5);
#3471=LINE('',#3468,#3470);
#3472=EDGE_CURVE('',#1061,#3467,#3471,.T.);
#3473=ORIENTED_EDGE('',*,*,#3472,.F.);
#3474=ORIENTED_EDGE('',*,*,#1067,.F.);
#3475=ORIENTED_EDGE('',*,*,#1074,.F.);
#3476=ORIENTED_EDGE('',*,*,#3472,.T.);
#3477=CARTESIAN_POINT('',(-23.5,31.5,-10.49));
#3478=VERTEX_POINT('',#3477);
#3479=CARTESIAN_POINT('',(-28.5,31.5,-10.49));
#3480=DIRECTION('',(0.,0.,1.));
#3481=DIRECTION('',(1.,0.,-0.));
#3482=AXIS2_PLACEMENT_3D('',#3479,#3480,#3481);
#3483=CIRCLE('',#3482,5.);
#3484=EDGE_CURVE('',#3467,#3478,#3483,.T.);
#3485=ORIENTED_EDGE('',*,*,#3484,.T.);
#3486=CARTESIAN_POINT('',(-28.5,31.5,-10.49));
#3487=DIRECTION('',(0.,0.,1.));
#3488=DIRECTION('',(1.,0.,-0.));
#3489=AXIS2_PLACEMENT_3D('',#3486,#3487,#3488);
#3490=CIRCLE('',#3489,5.);
#3491=EDGE_CURVE('',#3478,#3467,#3490,.T.);
#3492=ORIENTED_EDGE('',*,*,#3491,.T.);
#3493=EDGE_LOOP('',(#3473,#3474,#3475,#3476,#3485,#3492));
#3494=FACE_BOUND('',#3493,.T.);
#3495=ADVANCED_FACE('',(#3494),#3465,.F.);
#3496=CARTESIAN_POINT('',(-73.,78.,-10.49));
#3497=DIRECTION('',(0.,0.,1.));
#3498=DIRECTION('',(0.,1.,0.));
#3499=AXIS2_PLACEMENT_3D('',#3496,#3497,#3498);
#3500=PLANE('',#3499);
#3501=ORIENTED_EDGE('',*,*,#3484,.F.);
#3502=ORIENTED_EDGE('',*,*,#3491,.F.);
#3503=EDGE_LOOP('',(#3501,#3502));
#3504=FACE_BOUND('',#3503,.T.);
#3505=ADVANCED_FACE('',(#3504),#3500,.F.);
#3506=CARTESIAN_POINT('',(29.,31.5,-10.49));
#3507=DIRECTION('',(0.,0.,-1.));
#3508=DIRECTION('',(-1.,0.,0.));
#3509=AXIS2_PLACEMENT_3D('',#3506,#3507,#3508);
#3510=CYLINDRICAL_SURFACE('',#3509,5.);
#3511=CARTESIAN_POINT('',(24.,31.5,-10.49));
#3512=VERTEX_POINT('',#3511);
#3513=CARTESIAN_POINT('',(24.,31.5,-10.99));
#3514=DIRECTION('',(-0.,-0.,1.));
#3515=VECTOR('',#3514,0.5);
#3516=LINE('',#3513,#3515);
#3517=EDGE_CURVE('',#1041,#3512,#3516,.T.);
#3518=ORIENTED_EDGE('',*,*,#3517,.F.);
#3519=ORIENTED_EDGE('',*,*,#1047,.F.);
#3520=ORIENTED_EDGE('',*,*,#1054,.F.);
#3521=ORIENTED_EDGE('',*,*,#3517,.T.);
#3522=CARTESIAN_POINT('',(34.,31.5,-10.49));
#3523=VERTEX_POINT('',#3522);
#3524=CARTESIAN_POINT('',(29.,31.5,-10.49));
#3525=DIRECTION('',(0.,0.,1.));
#3526=DIRECTION('',(1.,0.,-0.));
#3527=AXIS2_PLACEMENT_3D('',#3524,#3525,#3526);
#3528=CIRCLE('',#3527,5.);
#3529=EDGE_CURVE('',#3512,#3523,#3528,.T.);
#3530=ORIENTED_EDGE('',*,*,#3529,.T.);
#3531=CARTESIAN_POINT('',(29.,31.5,-10.49));
#3532=DIRECTION('',(0.,0.,1.));
#3533=DIRECTION('',(1.,0.,-0.));
#3534=AXIS2_PLACEMENT_3D('',#3531,#3532,#3533);
#3535=CIRCLE('',#3534,5.);
#3536=EDGE_CURVE('',#3523,#3512,#3535,.T.);
#3537=ORIENTED_EDGE('',*,*,#3536,.T.);
#3538=EDGE_LOOP('',(#3518,#3519,#3520,#3521,#3530,#3537));
#3539=FACE_BOUND('',#3538,.T.);
#3540=ADVANCED_FACE('',(#3539),#3510,.F.);
#3541=CARTESIAN_POINT('',(-73.,78.,-10.49));
#3542=DIRECTION('',(0.,0.,1.));
#3543=DIRECTION('',(0.,1.,0.));
#3544=AXIS2_PLACEMENT_3D('',#3541,#3542,#3543);
#3545=PLANE('',#3544);
#3546=ORIENTED_EDGE('',*,*,#3529,.F.);
#3547=ORIENTED_EDGE('',*,*,#3536,.F.);
#3548=EDGE_LOOP('',(#3546,#3547));
#3549=FACE_BOUND('',#3548,.T.);
#3550=ADVANCED_FACE('',(#3549),#3545,.F.);
#3551=CARTESIAN_POINT('',(-28.5,-30.5,-10.49));
#3552=DIRECTION('',(0.,0.,-1.));
#3553=DIRECTION('',(-1.,0.,0.));
#3554=AXIS2_PLACEMENT_3D('',#3551,#3552,#3553);
#3555=CYLINDRICAL_SURFACE('',#3554,5.);
#3556=CARTESIAN_POINT('',(-33.5,-30.5,-10.49));
#3557=VERTEX_POINT('',#3556);
#3558=CARTESIAN_POINT('',(-33.5,-30.5,-10.99));
#3559=DIRECTION('',(-0.,-0.,1.));
#3560=VECTOR('',#3559,0.5);
#3561=LINE('',#3558,#3560);
#3562=EDGE_CURVE('',#1021,#3557,#3561,.T.);
#3563=ORIENTED_EDGE('',*,*,#3562,.F.);
#3564=ORIENTED_EDGE('',*,*,#1027,.F.);
#3565=ORIENTED_EDGE('',*,*,#1034,.F.);
#3566=ORIENTED_EDGE('',*,*,#3562,.T.);
#3567=CARTESIAN_POINT('',(-23.5,-30.5,-10.49));
#3568=VERTEX_POINT('',#3567);
#3569=CARTESIAN_POINT('',(-28.5,-30.5,-10.49));
#3570=DIRECTION('',(0.,0.,1.));
#3571=DIRECTION('',(1.,0.,-0.));
#3572=AXIS2_PLACEMENT_3D('',#3569,#3570,#3571);
#3573=CIRCLE('',#3572,5.);
#3574=EDGE_CURVE('',#3557,#3568,#3573,.T.);
#3575=ORIENTED_EDGE('',*,*,#3574,.T.);
#3576=CARTESIAN_POINT('',(-28.5,-30.5,-10.49));
#3577=DIRECTION('',(0.,0.,1.));
#3578=DIRECTION('',(1.,0.,-0.));
#3579=AXIS2_PLACEMENT_3D('',#3576,#3577,#3578);
#3580=CIRCLE('',#3579,5.);
#3581=EDGE_CURVE('',#3568,#3557,#3580,.T.);
#3582=ORIENTED_EDGE('',*,*,#3581,.T.);
#3583=EDGE_LOOP('',(#3563,#3564,#3565,#3566,#3575,#3582));
#3584=FACE_BOUND('',#3583,.T.);
#3585=ADVANCED_FACE('',(#3584),#3555,.F.);
#3586=CARTESIAN_POINT('',(-73.,78.,-10.49));
#3587=DIRECTION('',(0.,0.,1.));
#3588=DIRECTION('',(0.,1.,0.));
#3589=AXIS2_PLACEMENT_3D('',#3586,#3587,#3588);
#3590=PLANE('',#3589);
#3591=ORIENTED_EDGE('',*,*,#3574,.F.);
#3592=ORIENTED_EDGE('',*,*,#3581,.F.);
#3593=EDGE_LOOP('',(#3591,#3592));
#3594=FACE_BOUND('',#3593,.T.);
#3595=ADVANCED_FACE('',(#3594),#3590,.F.);
#3596=CARTESIAN_POINT('',(29.,-30.5,-10.49));
#3597=DIRECTION('',(0.,0.,-1.));
#3598=DIRECTION('',(-1.,0.,0.));
#3599=AXIS2_PLACEMENT_3D('',#3596,#3597,#3598);
#3600=CYLINDRICAL_SURFACE('',#3599,5.);
#3601=CARTESIAN_POINT('',(24.,-30.5,-10.49));
#3602=VERTEX_POINT('',#3601);
#3603=CARTESIAN_POINT('',(24.,-30.5,-10.99));
#3604=DIRECTION('',(-0.,-0.,1.));
#3605=VECTOR('',#3604,0.5);
#3606=LINE('',#3603,#3605);
#3607=EDGE_CURVE('',#1001,#3602,#3606,.T.);
#3608=ORIENTED_EDGE('',*,*,#3607,.F.);
#3609=ORIENTED_EDGE('',*,*,#1007,.F.);
#3610=ORIENTED_EDGE('',*,*,#1014,.F.);
#3611=ORIENTED_EDGE('',*,*,#3607,.T.);
#3612=CARTESIAN_POINT('',(34.,-30.5,-10.49));
#3613=VERTEX_POINT('',#3612);
#3614=CARTESIAN_POINT('',(29.,-30.5,-10.49));
#3615=DIRECTION('',(0.,0.,1.));
#3616=DIRECTION('',(1.,0.,-0.));
#3617=AXIS2_PLACEMENT_3D('',#3614,#3615,#3616);
#3618=CIRCLE('',#3617,5.);
#3619=EDGE_CURVE('',#3602,#3613,#3618,.T.);
#3620=ORIENTED_EDGE('',*,*,#3619,.T.);
#3621=CARTESIAN_POINT('',(29.,-30.5,-10.49));
#3622=DIRECTION('',(0.,0.,1.));
#3623=DIRECTION('',(1.,0.,-0.));
#3624=AXIS2_PLACEMENT_3D('',#3621,#3622,#3623);
#3625=CIRCLE('',#3624,5.);
#3626=EDGE_CURVE('',#3613,#3602,#3625,.T.);
#3627=ORIENTED_EDGE('',*,*,#3626,.T.);
#3628=EDGE_LOOP('',(#3608,#3609,#3610,#3611,#3620,#3627));
#3629=FACE_BOUND('',#3628,.T.);
#3630=ADVANCED_FACE('',(#3629),#3600,.F.);
#3631=CARTESIAN_POINT('',(-73.,78.,-10.49));
#3632=DIRECTION('',(0.,0.,1.));
#3633=DIRECTION('',(0.,1.,0.));
#3634=AXIS2_PLACEMENT_3D('',#3631,#3632,#3633);
#3635=PLANE('',#3634);
#3636=ORIENTED_EDGE('',*,*,#3619,.F.);
#3637=ORIENTED_EDGE('',*,*,#3626,.F.);
#3638=EDGE_LOOP('',(#3636,#3637));
#3639=FACE_BOUND('',#3638,.T.);
#3640=ADVANCED_FACE('',(#3639),#3635,.F.);
#3641=CARTESIAN_POINT('',(28.85721239,9.558386232,-8.99));
#3642=DIRECTION('',(-0.64278761,0.766044443,0.));
#3643=DIRECTION('',(-0.766044443,-0.64278761,0.));
#3644=AXIS2_PLACEMENT_3D('',#3641,#3642,#3643);
#3645=PLANE('',#3644);
#3646=ORIENTED_EDGE('',*,*,#512,.T.);
#3647=CARTESIAN_POINT('',(31.35721239,11.65613531,-10.99));
#3648=DIRECTION('',(0.,0.,1.));
#3649=VECTOR('',#3648,6.);
#3650=LINE('',#3647,#3649);
#3651=EDGE_CURVE('',#498,#2911,#3650,.T.);
#3652=ORIENTED_EDGE('',*,*,#3651,.T.);
#3653=ORIENTED_EDGE('',*,*,#2916,.F.);
#3654=CARTESIAN_POINT('',(27.714424781,8.59947357,-4.99));
#3655=DIRECTION('',(0.,0.,-1.));
#3656=VECTOR('',#3655,6.);
#3657=LINE('',#3654,#3656);
#3658=EDGE_CURVE('',#2902,#507,#3657,.T.);
#3659=ORIENTED_EDGE('',*,*,#3658,.T.);
#3660=EDGE_LOOP('',(#3646,#3652,#3653,#3659));
#3661=FACE_BOUND('',#3660,.T.);
#3662=ADVANCED_FACE('',(#3661),#3645,.F.);
#3663=OVER_RIDING_STYLED_ITEM('',(#73),#3662,#26);
#3664=CARTESIAN_POINT('',(29.,7.067384684,-8.99));
#3665=DIRECTION('',(0.,0.,-1.));
#3666=DIRECTION('',(-1.,0.,0.));
#3667=AXIS2_PLACEMENT_3D('',#3664,#3665,#3666);
#3668=CYLINDRICAL_SURFACE('',#3667,2.);
#3669=ORIENTED_EDGE('',*,*,#521,.T.);
#3670=ORIENTED_EDGE('',*,*,#3658,.F.);
#3671=ORIENTED_EDGE('',*,*,#2908,.F.);
#3672=CARTESIAN_POINT('',(27.,7.067384684,-4.99));
#3673=DIRECTION('',(0.,0.,-1.));
#3674=VECTOR('',#3673,6.);
#3675=LINE('',#3672,#3674);
#3676=EDGE_CURVE('',#2894,#515,#3675,.T.);
#3677=ORIENTED_EDGE('',*,*,#3676,.T.);
#3678=EDGE_LOOP('',(#3669,#3670,#3671,#3677));
#3679=FACE_BOUND('',#3678,.T.);
#3680=ADVANCED_FACE('',(#3679),#3668,.F.);
#3681=OVER_RIDING_STYLED_ITEM('',(#73),#3680,#26);
#3682=CARTESIAN_POINT('',(27.,0.5,-8.99));
#3683=DIRECTION('',(-1.,-0.,0.));
#3684=DIRECTION('',(0.,-1.,0.));
#3685=AXIS2_PLACEMENT_3D('',#3682,#3683,#3684);
#3686=PLANE('',#3685);
#3687=ORIENTED_EDGE('',*,*,#529,.T.);
#3688=ORIENTED_EDGE('',*,*,#3676,.F.);
#3689=ORIENTED_EDGE('',*,*,#2899,.F.);
#3690=CARTESIAN_POINT('',(27.,-6.067384684,-4.99));
#3691=DIRECTION('',(0.,0.,-1.));
#3692=VECTOR('',#3691,6.);
#3693=LINE('',#3690,#3692);
#3694=EDGE_CURVE('',#2885,#524,#3693,.T.);
#3695=ORIENTED_EDGE('',*,*,#3694,.T.);
#3696=EDGE_LOOP('',(#3687,#3688,#3689,#3695));
#3697=FACE_BOUND('',#3696,.T.);
#3698=ADVANCED_FACE('',(#3697),#3686,.F.);
#3699=OVER_RIDING_STYLED_ITEM('',(#73),#3698,#26);
#3700=CARTESIAN_POINT('',(29.,-6.067384684,-8.99));
#3701=DIRECTION('',(0.,0.,-1.));
#3702=DIRECTION('',(-1.,0.,0.));
#3703=AXIS2_PLACEMENT_3D('',#3700,#3701,#3702);
#3704=CYLINDRICAL_SURFACE('',#3703,2.);
#3705=ORIENTED_EDGE('',*,*,#536,.T.);
#3706=ORIENTED_EDGE('',*,*,#3694,.F.);
#3707=ORIENTED_EDGE('',*,*,#2891,.F.);
#3708=CARTESIAN_POINT('',(27.714424781,-7.59947357,-4.99));
#3709=DIRECTION('',(0.,0.,-1.));
#3710=VECTOR('',#3709,6.);
#3711=LINE('',#3708,#3710);
#3712=EDGE_CURVE('',#2877,#471,#3711,.T.);
#3713=ORIENTED_EDGE('',*,*,#3712,.T.);
#3714=EDGE_LOOP('',(#3705,#3706,#3707,#3713));
#3715=FACE_BOUND('',#3714,.T.);
#3716=ADVANCED_FACE('',(#3715),#3704,.F.);
#3717=OVER_RIDING_STYLED_ITEM('',(#73),#3716,#26);
#3718=CARTESIAN_POINT('',(28.85721239,-8.558386232,-8.99));
#3719=DIRECTION('',(0.64278761,0.766044443,0.));
#3720=DIRECTION('',(-0.766044443,0.64278761,0.));
#3721=AXIS2_PLACEMENT_3D('',#3718,#3719,#3720);
#3722=PLANE('',#3721);
#3723=ORIENTED_EDGE('',*,*,#2882,.T.);
#3724=CARTESIAN_POINT('',(31.35721239,-10.65613531,-4.99));
#3725=DIRECTION('',(-0.,-0.,-1.));
#3726=VECTOR('',#3725,6.);
#3727=LINE('',#3724,#3726);
#3728=EDGE_CURVE('',#2868,#473,#3727,.T.);
#3729=ORIENTED_EDGE('',*,*,#3728,.T.);
#3730=ORIENTED_EDGE('',*,*,#478,.F.);
#3731=ORIENTED_EDGE('',*,*,#3712,.F.);
#3732=EDGE_LOOP('',(#3723,#3729,#3730,#3731));
#3733=FACE_BOUND('',#3732,.T.);
#3734=ADVANCED_FACE('',(#3733),#3722,.T.);
#3735=OVER_RIDING_STYLED_ITEM('',(#73),#3734,#26);
#3736=CARTESIAN_POINT('',(29.196515488,-12.106613559,-8.99));
#3737=DIRECTION('',(0.64278761,0.766044443,0.));
#3738=DIRECTION('',(-0.766044443,0.64278761,0.));
#3739=AXIS2_PLACEMENT_3D('',#3736,#3737,#3738);
#3740=PLANE('',#3739);
#3741=ORIENTED_EDGE('',*,*,#691,.T.);
#3742=ORIENTED_EDGE('',*,*,#1099,.F.);
#3743=ORIENTED_EDGE('',*,*,#2933,.F.);
#3744=CARTESIAN_POINT('',(26.107455756,-9.514584678,-4.99));
#3745=DIRECTION('',(0.,0.,-1.));
#3746=VECTOR('',#3745,6.);
#3747=LINE('',#3744,#3746);
#3748=EDGE_CURVE('',#2928,#686,#3747,.T.);
#3749=ORIENTED_EDGE('',*,*,#3748,.T.);
#3750=EDGE_LOOP('',(#3741,#3742,#3743,#3749));
#3751=FACE_BOUND('',#3750,.T.);
#3752=ADVANCED_FACE('',(#3751),#3740,.F.);
#3753=OVER_RIDING_STYLED_ITEM('',(#73),#3752,#26);
#3754=CARTESIAN_POINT('',(29.,-6.067384684,-8.99));
#3755=DIRECTION('',(0.,0.,-1.));
#3756=DIRECTION('',(-1.,0.,0.));
#3757=AXIS2_PLACEMENT_3D('',#3754,#3755,#3756);
#3758=CYLINDRICAL_SURFACE('',#3757,4.5);
#3759=ORIENTED_EDGE('',*,*,#700,.F.);
#3760=ORIENTED_EDGE('',*,*,#3748,.F.);
#3761=ORIENTED_EDGE('',*,*,#2975,.T.);
#3762=CARTESIAN_POINT('',(24.5,-6.067384684,-4.99));
#3763=DIRECTION('',(0.,0.,-1.));
#3764=VECTOR('',#3763,6.);
#3765=LINE('',#3762,#3764);
#3766=EDGE_CURVE('',#2963,#694,#3765,.T.);
#3767=ORIENTED_EDGE('',*,*,#3766,.T.);
#3768=EDGE_LOOP('',(#3759,#3760,#3761,#3767));
#3769=FACE_BOUND('',#3768,.T.);
#3770=ADVANCED_FACE('',(#3769),#3758,.T.);
#3771=OVER_RIDING_STYLED_ITEM('',(#73),#3770,#26);
#3772=CARTESIAN_POINT('',(24.5,0.5,-8.99));
#3773=DIRECTION('',(-1.,-0.,0.));
#3774=DIRECTION('',(0.,-1.,0.));
#3775=AXIS2_PLACEMENT_3D('',#3772,#3773,#3774);
#3776=PLANE('',#3775);
#3777=ORIENTED_EDGE('',*,*,#708,.F.);
#3778=ORIENTED_EDGE('',*,*,#3766,.F.);
#3779=ORIENTED_EDGE('',*,*,#2968,.T.);
#3780=CARTESIAN_POINT('',(24.5,7.067384684,-4.99));
#3781=DIRECTION('',(0.,0.,-1.));
#3782=VECTOR('',#3781,6.);
#3783=LINE('',#3780,#3782);
#3784=EDGE_CURVE('',#2954,#703,#3783,.T.);
#3785=ORIENTED_EDGE('',*,*,#3784,.T.);
#3786=EDGE_LOOP('',(#3777,#3778,#3779,#3785));
#3787=FACE_BOUND('',#3786,.T.);
#3788=ADVANCED_FACE('',(#3787),#3776,.T.);
#3789=OVER_RIDING_STYLED_ITEM('',(#73),#3788,#26);
#3790=CARTESIAN_POINT('',(29.,7.067384684,-8.99));
#3791=DIRECTION('',(0.,0.,-1.));
#3792=DIRECTION('',(-1.,0.,0.));
#3793=AXIS2_PLACEMENT_3D('',#3790,#3791,#3792);
#3794=CYLINDRICAL_SURFACE('',#3793,4.5);
#3795=ORIENTED_EDGE('',*,*,#717,.F.);
#3796=ORIENTED_EDGE('',*,*,#3784,.F.);
#3797=ORIENTED_EDGE('',*,*,#2960,.T.);
#3798=CARTESIAN_POINT('',(26.107455756,10.514584678,-4.99));
#3799=DIRECTION('',(0.,0.,-1.));
#3800=VECTOR('',#3799,6.);
#3801=LINE('',#3798,#3800);
#3802=EDGE_CURVE('',#2946,#711,#3801,.T.);
#3803=ORIENTED_EDGE('',*,*,#3802,.T.);
#3804=EDGE_LOOP('',(#3795,#3796,#3797,#3803));
#3805=FACE_BOUND('',#3804,.T.);
#3806=ADVANCED_FACE('',(#3805),#3794,.T.);
#3807=OVER_RIDING_STYLED_ITEM('',(#73),#3806,#26);
#3808=CARTESIAN_POINT('',(27.250243366,11.47349734,-8.99));
#3809=DIRECTION('',(-0.64278761,0.766044443,0.));
#3810=DIRECTION('',(-0.766044443,-0.64278761,0.));
#3811=AXIS2_PLACEMENT_3D('',#3808,#3809,#3810);
#3812=PLANE('',#3811);
#3813=ORIENTED_EDGE('',*,*,#725,.F.);
#3814=ORIENTED_EDGE('',*,*,#3802,.F.);
#3815=ORIENTED_EDGE('',*,*,#2951,.T.);
#3816=ORIENTED_EDGE('',*,*,#1122,.T.);
#3817=EDGE_LOOP('',(#3813,#3814,#3815,#3816));
#3818=FACE_BOUND('',#3817,.T.);
#3819=ADVANCED_FACE('',(#3818),#3812,.T.);
#3820=OVER_RIDING_STYLED_ITEM('',(#73),#3819,#26);
#3821=CARTESIAN_POINT('',(32.,10.890090867,-8.99));
#3822=DIRECTION('',(0.,0.,-1.));
#3823=DIRECTION('',(-1.,0.,0.));
#3824=AXIS2_PLACEMENT_3D('',#3821,#3822,#3823);
#3825=CYLINDRICAL_SURFACE('',#3824,1.);
#3826=ORIENTED_EDGE('',*,*,#504,.F.);
#3827=ORIENTED_EDGE('',*,*,#1441,.F.);
#3828=ORIENTED_EDGE('',*,*,#2923,.F.);
#3829=ORIENTED_EDGE('',*,*,#3651,.F.);
#3830=EDGE_LOOP('',(#3826,#3827,#3828,#3829));
#3831=FACE_BOUND('',#3830,.T.);
#3832=ADVANCED_FACE('',(#3831),#3825,.F.);
#3833=OVER_RIDING_STYLED_ITEM('',(#73),#3832,#26);
#3834=CARTESIAN_POINT('',(32.,-9.890090867,-8.99));
#3835=DIRECTION('',(0.,0.,1.));
#3836=DIRECTION('',(1.,0.,-0.));
#3837=AXIS2_PLACEMENT_3D('',#3834,#3835,#3836);
#3838=CYLINDRICAL_SURFACE('',#3837,1.);
#3839=ORIENTED_EDGE('',*,*,#487,.F.);
#3840=ORIENTED_EDGE('',*,*,#3728,.F.);
#3841=ORIENTED_EDGE('',*,*,#2874,.F.);
#3842=ORIENTED_EDGE('',*,*,#1427,.F.);
#3843=EDGE_LOOP('',(#3839,#3840,#3841,#3842));
#3844=FACE_BOUND('',#3843,.T.);
#3845=ADVANCED_FACE('',(#3844),#3838,.F.);
#3846=OVER_RIDING_STYLED_ITEM('',(#73),#3845,#26);
#3847=CARTESIAN_POINT('',(-31.5,10.890090867,-8.99));
#3848=DIRECTION('',(0.,0.,1.));
#3849=DIRECTION('',(1.,0.,-0.));
#3850=AXIS2_PLACEMENT_3D('',#3847,#3848,#3849);
#3851=CYLINDRICAL_SURFACE('',#3850,1.);
#3852=ORIENTED_EDGE('',*,*,#408,.F.);
#3853=ORIENTED_EDGE('',*,*,#1329,.F.);
#3854=ORIENTED_EDGE('',*,*,#548,.F.);
#3855=ORIENTED_EDGE('',*,*,#48,.F.);
#3856=EDGE_LOOP('',(#3852,#3853,#3854,#3855));
#3857=FACE_BOUND('',#3856,.T.);
#3858=ADVANCED_FACE('',(#3857),#3851,.F.);
#3859=OVER_RIDING_STYLED_ITEM('',(#73),#3858,#26);
#3860=CARTESIAN_POINT('',(-31.5,-9.890090867,-8.99));
#3861=DIRECTION('',(0.,0.,-1.));
#3862=DIRECTION('',(-1.,0.,0.));
#3863=AXIS2_PLACEMENT_3D('',#3860,#3861,#3862);
#3864=CYLINDRICAL_SURFACE('',#3863,1.);
#3865=ORIENTED_EDGE('',*,*,#393,.F.);
#3866=ORIENTED_EDGE('',*,*,#194,.F.);
#3867=ORIENTED_EDGE('',*,*,#563,.F.);
#3868=ORIENTED_EDGE('',*,*,#1336,.F.);
#3869=EDGE_LOOP('',(#3865,#3866,#3867,#3868));
#3870=FACE_BOUND('',#3869,.T.);
#3871=ADVANCED_FACE('',(#3870),#3864,.F.);
#3872=OVER_RIDING_STYLED_ITEM('',(#73),#3871,#26);
#3873=CLOSED_SHELL('',(#66,#107,#139,#173,#205,#246,#280,#312,#346,#378,#463,#1078,#1110,#1141,#1204,#1244,#1281,#1318,#1340,#1377,#1414,#1445,#1476,#1507,#1538,#1556,
#1574,#1606,#1653,#1684,#1792,#1897,#1928,#2033,#2064,#2088,#2105,#2117,#2129,#2153,#2177,#2208,#2232,#2333,#2351,#2369,#2387,#2411,#2446,#2467,#2502,
#2523,#2558,#2579,#2614,#2635,#2652,#2669,#2686,#2703,#2720,#2737,#2754,#2771,#2795,#2816,#2837,#2860,#2979,#2998,#3016,#3034,#3052,#3070,#3088,#3106,
#3124,#3142,#3160,#3178,#3196,#3213,#3233,#3244,#3261,#3281,#3292,#3309,#3329,#3340,#3357,#3376,#3394,#3412,#3430,#3449,#3460,#3495,#3505,#3540,#3550,
#3585,#3595,#3630,#3640,#3662,#3680,#3698,#3716,#3734,#3752,#3770,#3788,#3806,#3819,#3832,#3845,#3858,#3871));
#3874=MANIFOLD_SOLID_BREP('Body 235 (1)',#3873);
#3875=COLOUR_RGB('',0.784313738,0.784313738,0.784313738);
#3876=FILL_AREA_STYLE_COLOUR('',#3875);
#3877=FILL_AREA_STYLE('',(#3876));
#3878=SURFACE_STYLE_FILL_AREA(#3877);
#3879=SURFACE_SIDE_STYLE('',(#3878));
#3880=SURFACE_STYLE_USAGE(.BOTH.,#3879);
#3881=PRESENTATION_STYLE_ASSIGNMENT((#3880));
#26=STYLED_ITEM('',(#3881),#3874);
#16=SHAPE_REPRESENTATION('root',(#15),#10);
#17=ADVANCED_BREP_SHAPE_REPRESENTATION('root',(#3874),#10);
#3889=SHAPE_REPRESENTATION_RELATIONSHIP('','',#16,#17);
#3890=CARTESIAN_POINT('',(0.,0.,0.));
#3891=DIRECTION('',(0.,0.,1.));
#3892=DIRECTION('',(1.,0.,0.));
#3893=AXIS2_PLACEMENT_3D('',#3890,#3891,#3892);
#3895=MAPPED_ITEM('',#3894,#3893);
#3894=REPRESENTATION_MAP(#3893,#16);
#3896=APPLICATION_CONTEXT('Managed model based 3d engineering');
#3897=APPLICATION_PROTOCOL_DEFINITION('international standard','ap242_managed_model_based_3d_engineering',2014,#3896);
#3898=PRODUCT_CONTEXT('',#3896,'mechanical');
#3899=PRODUCT_DEFINITION_CONTEXT('part definition',#3896,'design');
#24=PRODUCT('root','root','',(#3898));
#3900=PRODUCT_RELATED_PRODUCT_CATEGORY('part','',(#24));
#3901=PRODUCT_DEFINITION_FORMATION_WITH_SPECIFIED_SOURCE('','',#24,.NOT_KNOWN.);
#25=PRODUCT_DEFINITION('design','',#3901,#3899);
#23=PRODUCT_DEFINITION_SHAPE('','',#25);
#3902=SHAPE_DEFINITION_REPRESENTATION(#23,#16);
#11=DRAUGHTING_MODEL('',(#3895),#10);
#3903=DESCRIPTIVE_REPRESENTATION_ITEM('KEY','/Users/mooz/Library/Containers/com.shapr3d.shapr/Data/tmp/1949078C-AAC3-4DC9-8436-C0B5E7A9DB27.tmp');
#3904=PROPERTY_DEFINITION('KEY','',#25);
#3905=REPRESENTATION('',(#3903),#10);
#3906=PROPERTY_DEFINITION_REPRESENTATION(#3904,#3905);
#3907=GENERAL_PROPERTY('','KEY','');
#3908=GENERAL_PROPERTY_ASSOCIATION('','',#3907,#3904);
#1=MECHANICAL_DESIGN_GEOMETRIC_PRESENTATION_REPRESENTATION('',(#74,#108,#140,#174,#206,#247,#281,#313,#347,#379,#464,#1079,#2980,#3663,#3681,#3699,#3717,#3735,#3753,#3771,#3789,#3807,#3820,#3833,#3846,#3859,
#3872,#26),#10);
ENDSEC;
END-ISO-10303-21;
